Baseline 100%T,,Baseline 0%T,,Fresh18MohmDI-RO,,Fresh18MohmDI-RO1,,Fresh18MohmDI-RO2,,SouthTank,,SouthTank1,,SouthTank2,,NorthTank,,NorthTank1,,NorthTank2,,Target_20260713_1,,Target_20260713_2,,Target_20260713_3,,Target_2024-09-27_1,,Target_2024-09-27_2,,Target_2024-09-27_3,,Fresh18MohmDI-RO-after,,Fresh18MohmDI-RO-after1,,Fresh18MohmDI-RO-after2,,
Wavelength (nm),%T,Wavelength (nm),%T,Wavelength (nm),Abs,Wavelength (nm),Abs,Wavelength (nm),Abs,Wavelength (nm),Abs,Wavelength (nm),Abs,Wavelength (nm),Abs,Wavelength (nm),Abs,Wavelength (nm),Abs,Wavelength (nm),Abs,Wavelength (nm),Abs,Wavelength (nm),Abs,Wavelength (nm),Abs,Wavelength (nm),Abs,Wavelength (nm),Abs,Wavelength (nm),Abs,Wavelength (nm),Abs,Wavelength (nm),Abs,Wavelength (nm),Abs,
599.9829712,79.65192413,599.9829712,-0.03285260499,599.9829712,0.000209312595,599.9829712,8.96005804E-005,599.9829712,0.0001889051055,599.9829712,0.0001550587476,599.9829712,8.206627535E-005,599.9829712,0.0001906402176,599.9829712,0.0003207161208,599.9829712,0.0004964658874,599.9829712,0.0003723221307,599.9829712,0.0001547997963,599.9829712,-8.645052731E-005,599.9829712,-2.205428427E-005,599.9829712,-3.981079499E-005,599.9829712,-6.362304703E-005,599.9829712,9.747160948E-005,599.9829712,-3.639414717E-005,599.9829712,-5.937835158E-005,599.9829712,3.455914339E-005,
599.0165405,79.60820007,599.0165405,-0.005748625845,599.0165405,-0.0001239760895,599.0165405,-0.000331110612,599.0165405,-0.0001878397306,599.0165405,-1.330518353E-005,599.0165405,-0.0001275990799,599.0165405,-8.401772357E-005,599.0165405,0.0001221471757,599.0165405,4.747746061E-005,599.0165405,0.0001451409917,599.0165405,-0.0002393792238,599.0165405,-0.0001457135513,599.0165405,-0.0002264949289,599.0165405,-0.0002182673925,599.0165405,-0.000378029421,599.0165405,-0.0003640629293,599.0165405,-0.0002678889141,599.0165405,-0.0003463714093,599.0165405,-0.0002855318889,
598.0127563,79.61480713,598.0127563,-0.01152575854,598.0127563,-0.0003239714424,598.0127563,-0.0003038467257,598.0127563,-0.0001771791867,598.0127563,-7.21123215E-005,598.0127563,-0.0002320833446,598.0127563,-0.0002308414696,598.0127563,0.0001078802306,598.0127563,-3.339161412E-005,598.0127563,4.323171743E-005,598.0127563,-0.0003380427079,598.0127563,-0.0002526770695,598.0127563,-0.0003950472455,598.0127563,-0.0002505039156,598.0127563,-0.0003170908603,598.0127563,-0.0004101506202,598.0127563,-0.000407874817,598.0127563,-0.0002794267784,598.0127563,-0.0005091372877,
597.008606,79.69220734,597.008606,0.003719753586,597.008606,7.81763265E-006,597.008606,-7.226761227E-005,597.008606,-4.483218436E-005,597.008606,0.0001755682315,597.008606,8.765873645E-005,597.008606,0.0001138355219,597.008606,0.000245546049,597.008606,0.0001627755846,597.008606,0.0003955105494,597.008606,-0.0001383125928,597.008606,-7.853092393E-005,597.008606,-4.622987763E-005,597.008606,-1.775741111E-005,597.008606,-0.0001563231053,597.008606,-5.979246998E-005,597.008606,-8.018732478E-005,597.008606,-2.73347232E-005,597.008606,-0.000145972328,
596.0042725,79.70185089,596.0042725,-0.007127374411,596.0042725,-8.904681636E-006,596.0042725,-1.75503319E-005,596.0042725,6.288156874E-005,596.0042725,0.0003248350404,596.0042725,4.266217002E-005,596.0042725,0.0001447784598,596.0042725,0.0002618637227,596.0042725,0.0003891627421,596.0042725,0.0004733498208,596.0042725,-4.333095058E-005,596.0042725,1.861241071E-005,596.0042725,-0.0001895992173,596.0042725,-3.10630503E-006,596.0042725,-3.339161412E-005,596.0042725,-0.000277615909,596.0042725,-0.0001154360725,596.0042725,-0.0001097943968,596.0042725,-8.194724069E-005,
594.9996948,79.70957184,594.9996948,0.004083947744,594.9996948,-5.17719343E-008,594.9996948,-3.142442802E-005,594.9996948,-0.0001257358381,594.9996948,0.0002426451829,594.9996948,8.390453149E-005,594.9996948,-1.470298139E-005,594.9996948,4.897901454E-005,594.9996948,0.0002841914538,594.9996948,0.000389214576,594.9996948,-0.0001544082334,594.9996948,-0.0001503196836,594.9996948,-3.742949775E-005,594.9996948,-0.0001713313104,594.9996948,-0.0001360870956,594.9996948,-0.000125528808,594.9996948,-9.732033504E-005,594.9996948,-0.0001322571625,594.9996948,-4.918055492E-005,
593.994812,79.71862793,593.994812,0.0009511217941,593.994812,-7.552868919E-005,593.994812,-0.0001905824465,593.994812,9.959474119E-005,593.994812,0.0002946304739,593.994812,0.000168679835,593.994812,0.0001666081662,593.994812,0.0002108665067,593.994812,0.0002551552607,593.994812,0.0003080487077,593.994812,-0.0001518205536,593.994812,-9.851081995E-005,593.994812,-0.0002656123252,593.994812,-0.0001913069427,593.994812,-0.0002387583081,593.994812,-0.0002352397278,593.994812,-0.0003108310048,593.994812,-0.0001380020549,593.994812,-0.0001904272067,
592.9896851,79.73307037,592.9896851,-0.001529239118,592.9896851,-3.572116839E-005,592.9896851,-4.426274973E-005,592.9896851,-0.0001681744616,592.9896851,0.0003319331445,592.9896851,0.0001122042813,592.9896851,0.0002932575881,592.9896851,0.0001118158907,592.9896851,0.0002030193282,592.9896851,0.0003819859703,592.9896851,-0.0002166632767,592.9896851,-0.0001144526686,592.9896851,-0.0001149184973,592.9896851,-4.472865112E-005,592.9896851,-0.0002871357719,592.9896851,-0.0001975167834,592.9896851,-4.49874824E-005,592.9896851,-0.0001017199393,592.9896851,-7.640865806E-005,
591.984314,79.76739502,591.984314,-0.009830134921,591.984314,-1.113082362E-005,591.984314,6.44565398E-006,591.984314,3.183985882E-006,591.984314,0.000453914603,591.984314,0.0002261469199,591.984314,0.0002043660206,591.984314,0.0004135180498,591.984314,0.000295511185,591.984314,0.0004078954807,591.984314,-0.0001050325591,591.984314,0.0001163730194,591.984314,0.0002055832447,591.984314,-1.123436505E-005,591.984314,-1.542776226E-005,591.984314,-0.0001008400213,591.984314,-3.230448783E-005,591.984314,-6.626757113E-006,591.984314,1.59201627E-005,
591.0158691,79.77900696,591.0158691,0.0018651844,591.0158691,3.893424218E-005,591.0158691,1.527298991E-005,591.0158691,1.755104131E-005,591.0158691,0.000499731279,591.0158691,0.0002299282496,591.0158691,0.0001105212577,591.0158691,0.0003189804847,591.0158691,4.86683457E-005,591.0158691,0.0004961289815,591.0158691,-6.4503045E-005,591.0158691,-2.73347232E-005,591.0158691,-2.831832535E-005,591.0158691,-8.697597877E-006,591.0158691,-0.0001236655517,591.0158691,-0.0001312737877,591.0158691,-0.0001537354401,591.0158691,1.659322334E-005,591.0158691,-0.0002192505635,
590.0100098,79.79046631,590.0100098,-0.02531052195,590.0100098,-2.044943358E-005,590.0100098,1.061337662E-005,590.0100098,-5.197591236E-005,590.0100098,0.0003709748853,590.0100098,-3.665298573E-005,590.0100098,0.0001304848847,590.0100098,0.0001145605202,590.0100098,0.0001017437753,590.0100098,0.0003914945992,590.0100098,-4.193324276E-005,590.0100098,-0.0001021340213,590.0100098,-8.370715659E-005,590.0100098,-0.0001178169477,590.0100098,-0.0002257704909,590.0100098,-0.000229289144,590.0100098,-0.0001016164242,590.0100098,-0.0001331887615,590.0100098,-0.0003170391428,
589.0039063,79.81263733,589.0039063,0,589.0039063,-7.397579611E-005,589.0039063,6.319224485E-005,589.0039063,1.449616661E-006,589.0039063,0.0004815387947,589.0039063,8.723658539E-006,589.0039063,4.333527249E-005,589.0039063,0.0003871159279,589.0039063,0.0002707480744,589.0039063,0.0004107715504,589.0039063,-0.0001437468745,589.0039063,-0.0001204048313,589.0039063,-0.0002000524546,589.0039063,-0.0001361906034,589.0039063,-8.929741307E-005,589.0039063,-0.0003352491767,589.0039063,-9.866610344E-005,589.0039063,-0.0001338098373,589.0039063,-0.0001761441818,
587.9973755,79.82380676,587.9973755,-0.002619131235,587.9973755,-7.180173998E-005,587.9973755,-0.0001731426164,587.9973755,-0.0001133657424,587.9973755,0.000593089906,587.9973755,-1.760210216E-005,587.9973755,0.0001056275942,587.9973755,0.000250881596,587.9973755,0.0001274294336,587.9973755,0.0003065721539,587.9973755,-8.039437671E-005,587.9973755,-0.0001833892456,587.9973755,-0.0001041008873,587.9973755,5.335425885E-005,587.9973755,-0.0001319983712,587.9973755,-8.898683882E-005,587.9973755,-0.0001656903623,587.9973755,-8.510472253E-005,587.9973755,-0.00016180893,
586.9907837,79.84525299,586.9907837,-0.007953256369,586.9907837,4.320582957E-005,586.9907837,-9.183370275E-005,586.9907837,-0.0001119682638,586.9907837,0.0004356722056,586.9907837,9.163729374E-006,586.9907837,-9.008223969E-006,586.9907837,0.0003030750959,586.9907837,0.0003067016951,586.9907837,0.0003152501595,586.9907837,-0.0001638790272,586.9907837,-0.0003224711982,586.9907837,-0.0002654571144,586.9907837,-0.0002249943209,586.9907837,-0.0002105571912,586.9907837,-0.0001321018935,586.9907837,-8.795161557E-005,586.9907837,-0.0002380856313,586.9907837,-0.0001924971584,
585.9838867,79.88082886,585.9838867,0.01213829219,585.9838867,-1.749856165E-005,585.9838867,-1.252862785E-005,585.9838867,2.5239553E-005,585.9838867,0.0007574363844,585.9838867,0.000177873022,585.9838867,0.0003035931732,585.9838867,0.000318073784,585.9838867,0.000245805044,585.9838867,0.0003828150511,585.9838867,5.726353629E-005,585.9838867,-0.0001493363525,585.9838867,-0.0001204565924,585.9838867,4.698557314E-005,585.9838867,-0.0001903236989,585.9838867,-0.0001628439786,585.9838867,4.78893071E-006,585.9838867,-0.0001266157051,585.9838867,-9.426646284E-005,
585.0139771,79.88819885,585.0139771,-0.009288644418,585.0139771,-3.302923869E-005,585.0139771,-0.0002085390588,585.0139771,8.6907894E-005,585.0139771,0.0005584863247,585.0139771,-0.0001380020549,585.0139771,0.0001387450611,585.0139771,0.0001474456221,585.0139771,0.0002548185585,585.0139771,0.0005099940463,585.0139771,-0.0001576169452,585.0139771,-0.0003243335814,585.0139771,-0.0001541494712,585.0139771,7.587840082E-005,585.0139771,-0.0002155765978,585.0139771,-0.0001605668658,585.0139771,-8.189547952E-005,585.0139771,-9.312773182E-005,585.0139771,-7.728862693E-005,
584.0064697,79.90293884,584.0064697,-0.02241322584,584.0064697,-6.885612947E-006,584.0064697,-0.0003307484731,584.0064697,-0.0001748504001,584.0064697,0.0005043961573,584.0064697,-0.0001297210983,584.0064697,3.207389818E-005,584.0064697,0.0002724576043,584.0064697,7.978788199E-005,584.0064697,0.0002170821972,584.0064697,-0.0001602563425,584.0064697,-0.0001632579952,584.0064697,-0.000198241265,584.0064697,-0.0001640342816,584.0064697,-0.0002633357653,584.0064697,-0.0003401119611,584.0064697,-0.0002326007816,584.0064697,-5.720422268E-005,584.0064697,-0.0001334992994,
582.9988403,79.9514389,582.9988403,-0.0122626666,582.9988403,7.696579996E-005,582.9988403,-0.0001018752228,582.9988403,7.256442768E-005,582.9988403,0.0005670397659,582.9988403,-8.857274952E-005,582.9988403,0.000189837403,582.9988403,0.0003160014166,582.9988403,0.0001867556421,582.9988403,0.0005947488826,582.9988403,2.676691656E-005,582.9988403,-0.0002582651505,582.9988403,-0.0002042440319,582.9988403,-0.0001518723002,582.9988403,-0.0002324972884,582.9988403,-0.0002029503376,582.9988403,-3.768833631E-005,582.9988403,-0.0001106743002,582.9988403,-0.0001994314807,
581.9909058,79.99358368,581.9909058,-0.01094108261,581.9909058,0.0001719686406,581.9909058,-5.404653712E-005,581.9909058,7.473921869E-005,581.9909058,0.0006684757536,581.9909058,7.582661783E-005,581.9909058,0.0003014690592,581.9909058,0.0002888021991,581.9909058,0.00021464772,581.9909058,0.0003169857955,581.9909058,-2.231313192E-005,581.9909058,-0.0001316878333,581.9909058,-0.0001586520084,581.9909058,-8.283502098E-007,581.9909058,-0.0002151626395,581.9909058,3.158099616E-006,581.9909058,1.361623254E-005,581.9909058,-0.0001126928837,581.9909058,-6.553832645E-005,
580.9827271,79.99691772,580.9827271,0.0004874981241,580.9827271,-0.000130652712,580.9827271,-0.0001814744901,580.9827271,-0.0001537871867,580.9827271,0.0004680892744,580.9827271,-0.0001203013162,580.9827271,-6.429598579E-005,580.9827271,0.0001997302752,580.9827271,9.641004726E-005,580.9827271,0.000115673909,580.9827271,-0.0001102602255,580.9827271,-0.0003072612744,580.9827271,-0.0002846005955,580.9827271,-0.0002618870349,580.9827271,-0.0001424012444,580.9827271,-0.0003261442471,580.9827271,-0.0002530910133,580.9827271,-0.0001969475561,580.9827271,-0.0002636979334,
580.0115356,80.03579712,580.0115356,-0.006676076911,580.0115356,-5.156178668E-005,580.0115356,-8.489767788E-005,580.0115356,-4.814523345E-005,580.0115356,0.0005107197212,580.0115356,3.207389818E-005,580.0115356,2.741410572E-005,580.0115356,0.0001285946346,580.0115356,5.824381788E-006,580.0115356,2.254726314E-005,580.0115356,-7.563221152E-005,580.0115356,-0.0002982592268,580.0115356,-0.000162999233,580.0115356,-0.0002215273853,580.0115356,-0.0002009839227,580.0115356,1.527298991E-005,580.0115356,-0.0002090047783,580.0115356,-1.874103691E-005,580.0115356,2.728466825E-005,
579.0028687,80.06654358,579.0028687,-0.02156376839,579.0028687,-6.921356544E-005,579.0028687,-0.0001175063953,579.0028687,-0.0001482495136,579.0028687,0.0006110537797,579.0028687,0.0001058347334,579.0028687,-9.923546168E-005,579.0028687,0.0002470482723,579.0028687,6.710161688E-005,579.0028687,0.0002904082066,579.0028687,-0.0002321868233,579.0028687,-5.46159572E-005,579.0028687,-0.000336387282,579.0028687,-0.0001362941257,579.0028687,-0.0003049849183,579.0028687,-0.0001784729538,579.0028687,-0.00027414941,579.0028687,-0.0001803877385,579.0028687,-0.000130497443,
577.9938965,80.12029266,577.9938965,-0.004079651088,577.9938965,5.006634819E-005,577.9938965,-3.742949775E-005,577.9938965,4.688201807E-005,577.9938965,0.0008081866545,577.9938965,1.863829675E-005,577.9938965,0.0001533237664,577.9938965,0.0003809755435,577.9938965,0.0001845543884,577.9938965,0.0004171196488,577.9938965,2.368630703E-005,577.9938965,-2.536817419E-006,577.9938965,-8.29307246E-005,577.9938965,-7.309581997E-005,577.9938965,-0.0001443161746,577.9938965,2.588596892E-008,577.9938965,9.241389307E-006,577.9938965,-2.707587919E-005,577.9938965,6.409838534E-005,
576.9847412,80.13085938,576.9847412,-0.0003723881673,576.9847412,-8.588115452E-005,576.9847412,-4.04320017E-005,576.9847412,-2.215782297E-005,576.9847412,0.0006195823662,576.9847412,5.094657536E-005,576.9847412,-6.367481546E-005,576.9847412,0.0001881281933,576.9847412,0.0001217069876,576.9847412,0.0003718816733,576.9847412,-0.0001127446449,576.9847412,-0.0003193671582,576.9847412,-0.0001105707779,576.9847412,-8.23095761E-005,576.9847412,-5.306299499E-005,576.9847412,-0.000167967446,576.9847412,-0.0002674749994,576.9847412,-0.0001569958986,576.9847412,-9.820026025E-005,
576.0126343,80.20225525,576.0126343,-0.003081611358,576.0126343,0.0001148453375,576.0126343,-7.99285117E-005,576.0126343,1.281374352E-005,576.0126343,0.0007452230202,576.0126343,0.0001083980751,576.0126343,0.0002088723268,576.0126343,0.0002244375501,576.0126343,0.0003113126731,576.0126343,0.0003639279457,576.0126343,8.128270565E-006,576.0126343,-5.860187957E-005,576.0126343,-0.0001252182556,576.0126343,1.371978033E-005,576.0126343,-0.0001575651841,576.0126343,-2.381502554E-006,576.0126343,1.250310288E-005,576.0126343,6.888802454E-005,576.0126343,-5.409830555E-005,
575.0029297,80.23168182,575.0029297,-0.005644196644,575.0029297,1.615314432E-005,575.0029297,-7.869262845E-006,575.0029297,-3.566939995E-005,575.0029297,0.0006241447991,575.0029297,0.0001064043608,575.0029297,0.0002454424393,575.0029297,0.0003797837417,575.0029297,0.0001480153005,575.0029297,0.0003611299326,575.0029297,-0.0001529073779,575.0029297,-0.0002042440319,575.0029297,-9.380061965E-005,575.0029297,-6.15007084E-005,575.0029297,-0.0001768169313,575.0029297,-0.0001025998572,575.0029297,-1.651493403E-005,575.0029297,8.532853099E-005,575.0029297,-1.314987276E-005,
573.9929199,80.24134827,573.9929199,-0.02287869342,573.9929199,-5.135472384E-005,573.9929199,-6.093129559E-005,573.9929199,-0.0001100014342,573.9929199,0.0005975484382,573.9929199,2.428171683E-005,573.9929199,1.485879966E-005,573.9929199,0.0003361558192,573.9929199,0.0001600306568,573.9929199,0.0001919609931,573.9929199,-0.0001449372357,573.9929199,-0.0001766099303,573.9929199,-0.000151044238,573.9929199,-0.0001699857676,573.9929199,-0.0002363263484,573.9929199,-0.0001634650107,573.9929199,-5.20794456E-005,573.9929199,-2.567812226E-005,573.9929199,-0.0001254770468,
572.9827881,80.31252289,572.9827881,-0.007616388146,572.9827881,9.628058615E-005,572.9827881,4.496625479E-005,572.9827881,1.731805787E-005,572.9827881,0.000711618457,572.9827881,0.0001786758221,572.9827881,9.296646022E-005,572.9827881,0.0003903286706,572.9827881,0.0002691939299,572.9827881,0.0003512074763,572.9827881,6.808063063E-006,572.9827881,-5.984423478E-005,572.9827881,-7.10770546E-005,572.9827881,0.0001334885601,572.9827881,1.894894194E-005,572.9827881,-4.069083661E-005,572.9827881,2.974399649E-005,572.9827881,5.876512296E-005,572.9827881,1.415985571E-005,
572.0097046,80.34117889,572.0097046,-0.01066169143,572.0097046,-1.30981025E-005,572.0097046,6.549199497E-006,572.0097046,3.507690417E-005,572.0097046,0.0005310386769,572.0097046,-2.681703518E-005,572.0097046,7.955486944E-005,572.0097046,0.000284320995,572.0097046,0.0002337614278,572.0097046,0.0004022470966,572.0097046,6.037027561E-005,572.0097046,-0.0001755231642,572.0097046,-3.396106331E-005,572.0097046,3.90879859E-006,572.0097046,-6.626757113E-006,572.0097046,-0.0001186450681,572.0097046,-3.649768041E-005,572.0097046,-0.0001207153764,572.0097046,-0.0001308597421,
570.9990234,80.32331848,570.9990234,-0.001102827606,570.9990234,-0.0001028068946,570.9990234,-0.0002282542409,570.9990234,-0.0001295658294,570.9990234,0.0004029984702,570.9990234,-2.055297227E-005,570.9990234,5.640918971E-005,570.9990234,0.0001238302357,570.9990234,0.0001963376708,570.9990234,0.0002341499203,570.9990234,-6.70394802E-005,570.9990234,-0.0001623264543,570.9990234,-0.0002911195625,570.9990234,-0.0001555468043,570.9990234,-0.0002196645364,570.9990234,-0.0001009435437,570.9990234,-0.0001075687615,570.9990234,-0.0001295658294,570.9990234,-0.0001847347448,
569.9880371,80.3491745,569.9880371,-0.002538618632,569.9880371,-0.0001228374313,569.9880371,-0.0001451442513,569.9880371,-8.132609946E-005,569.9880371,0.0002126794134,569.9880371,-5.891246838E-005,569.9880371,-2.288259384E-005,569.9880371,0.0002096492826,569.9880371,0.0001485073008,569.9880371,0.0002792181331,569.9880371,-0.0002172842214,569.9880371,-0.0001823024941,569.9880371,-0.0001036350513,569.9880371,-0.0001492328447,569.9880371,4.996020834E-006,569.9880371,-0.0002317211329,569.9880371,-0.0001495433826,569.9880371,-9.354181384E-005,569.9880371,-0.0002274263243,
569.0142822,80.37152863,569.0142822,-0.01596017741,569.0142822,-0.0002040370309,569.0142822,-0.0001258393459,569.0142822,-0.0001298246061,569.0142822,0.000206360186,569.0142822,-5.192414756E-005,569.0142822,-0.0001850970002,569.0142822,6.956116704E-005,569.0142822,5.993015293E-005,569.0142822,0.0002531349892,569.0142822,-0.0002229245147,569.0142822,-0.000376787968,569.0142822,-0.0002457953524,569.0142822,-0.0001242866274,569.0142822,-0.000132464178,569.0142822,-0.0001601010881,569.0142822,-1.154498841E-005,569.0142822,-0.0002082803258,569.0142822,-0.0001336028217,
568.0028687,80.41742706,568.0028687,-0.001604762976,568.0028687,-0.0002019671228,568.0028687,-0.00021945755,568.0028687,-0.0001531661546,568.0028687,0.0002524097508,568.0028687,-2.308966941E-005,568.0028687,1.309849722E-005,568.0028687,0.0002092089999,568.0028687,3.331651897E-005,568.0028687,0.0002619414299,568.0028687,-5.596185656E-005,568.0028687,-0.0001096908818,568.0028687,-0.0001240278507,568.0028687,-0.0001883572259,568.0028687,-0.0001209741677,568.0028687,-6.791947089E-005,568.0028687,-0.000169934021,568.0028687,-7.040413038E-005,568.0028687,-9.618160402E-005,
566.9911499,80.45555115,566.9911499,-0.006500729825,566.9911499,-0.000127650841,566.9911499,-0.0002732180874,566.9911499,-0.0001607738668,566.9911499,2.565375144E-005,566.9911499,-2.604050314E-005,566.9911499,-7.464872033E-005,566.9911499,4.354238263E-005,566.9911499,-1.832687849E-005,566.9911499,0.0001803591003,566.9911499,-0.0002152143861,566.9911499,-0.000301518623,566.9911499,-0.0004259776033,566.9911499,-0.0001773344411,566.9911499,-0.0001643448049,566.9911499,-0.0002498830145,566.9911499,-0.0001708655473,566.9911499,-0.0002429495071,566.9911499,-0.0003717704094,
566.0167236,80.53144836,566.0167236,-0.00387317664,566.0167236,-0.0001101049493,566.0167236,-0.0001221128332,566.0167236,-7.35099311E-005,566.0167236,0.0001908991981,566.0167236,7.864869258E-005,566.0167236,5.016990326E-005,566.0167236,0.0001310545485,566.0167236,6.824077718E-005,566.0167236,0.0004654201621,566.0167236,-0.0001412626443,566.0167236,-0.0001472144359,566.0167236,-0.0001537354401,566.0167236,6.119874161E-005,566.0167236,-0.0002203889744,566.0167236,-0.0002550571808,566.0167236,-0.0001358800801,566.0167236,9.669485735E-005,566.0167236,-5.565126776E-005,
565.0044556,80.55656433,565.0044556,-0.0149950739,565.0044556,-5.61171546E-005,565.0044556,-0.0002279955224,565.0044556,-0.000145403028,565.0044556,6.67391505E-005,565.0044556,-0.0001806464861,565.0044556,0.0001939550857,565.0044556,0.0002013618505,565.0044556,0.0001741698361,565.0044556,0.0001825603249,565.0044556,-0.0001455065358,565.0044556,-0.0002437773946,565.0044556,-0.0002463127894,565.0044556,-0.0001685884781,565.0044556,-0.0001742293825,565.0044556,-0.0001803359773,565.0044556,-0.000236378095,565.0044556,-0.0001719005813,565.0044556,-0.000159687057,
563.9920654,80.6083374,563.9920654,0.001328738872,563.9920654,-9.079848678E-005,563.9920654,-0.0002501417184,563.9920654,-0.0001757301652,563.9920654,7.126991841E-005,563.9920654,0.0001259017154,563.9920654,7.196358638E-006,563.9920654,0.0002064119908,563.9920654,7.714703679E-005,563.9920654,0.0001863671787,563.9920654,-0.0001530108857,563.9920654,-9.887314081E-005,563.9920654,-0.0001510959992,563.9920654,1.359034559E-005,563.9920654,-0.0001540459634,563.9920654,-9.711329767E-005,563.9920654,-0.000137691517,563.9920654,1.59201627E-005,563.9920654,-0.0002253565326,
563.0168457,80.65381622,563.0168457,0.0004368700902,563.0168457,-3.365045632E-005,563.0168457,-0.0001605668658,563.0168457,-7.977322821E-005,563.0168457,-2.417682117E-005,563.0168457,0.0001320644078,563.0168457,-3.323631245E-005,563.0168457,0.0002215886343,563.0168457,0.0001326340716,563.0168457,0.0002422307734,563.0168457,-5.647951184E-005,563.0168457,-0.0001362423645,563.0168457,-0.0002042957785,563.0168457,-0.0001568406442,563.0168457,-6.698771904E-005,563.0168457,-0.0001396064763,563.0168457,-9.214426973E-005,563.0168457,-0.000151613538,563.0168457,-0.0001801289764,
562.0039673,80.71469116,562.0039673,-0.01517028548,562.0039673,-0.0001634132495,562.0039673,-9.944250633E-005,562.0039673,-6.564185605E-005,562.0039673,-8.044613787E-005,562.0039673,3.287642539E-005,562.0039673,3.655252658E-005,562.0039673,0.000237076616,562.0039673,0.0002457532391,562.0039673,0.0003634875175,562.0039673,-0.0001810087415,562.0039673,-0.0001157983861,562.0039673,6.875857798E-005,562.0039673,-6.548656529E-005,562.0039673,-0.0001634650107,562.0039673,-0.0001109848527,562.0039673,-8.955621888E-005,562.0039673,-0.0001117094725,562.0039673,-9.100553143E-005,
560.9907837,80.76890564,560.9907837,0.001719564665,560.9907837,3.313416528E-006,560.9907837,-7.84274016E-005,560.9907837,0.0001058347334,560.9907837,0.0001305884507,560.9907837,7.51275802E-005,560.9907837,7.844156789E-005,560.9907837,0.0002458568488,560.9907837,0.0002128607011,560.9907837,0.0003197576152,560.9907837,-0.0002154731046,560.9907837,-8.645052731E-005,560.9907837,-4.472865112E-005,560.9907837,8.723658539E-006,560.9907837,-0.0001399169996,560.9907837,-0.0001965335687,560.9907837,-2.283082358E-005,560.9907837,-9.090200911E-005,560.9907837,-9.442174633E-005,
560.0149536,80.8177948,560.0149536,-0.009194395505,560.0149536,1.030273779E-005,560.0149536,-8.914212231E-005,560.0149536,-0.0001000636257,560.0149536,0.0001365440548,560.0149536,-4.892172365E-005,560.0149536,0.000134265385,560.0149536,0.0003162863723,560.0149536,0.000200999275,560.0149536,0.0002633401309,560.0149536,-0.0001190073745,560.0149536,-0.00015409771,560.0149536,-0.0001643965516,560.0149536,-0.0001155913487,560.0149536,-0.0001088109784,560.0149536,-0.0001081898736,560.0149536,-4.219207767E-005,560.0149536,-1.734325269E-005,560.0149536,-0.0001408485987,
559.0012817,80.85667419,559.0012817,0.002192790154,559.0012817,-0.000125373539,559.0012817,-0.0001444196823,559.0012817,-0.0003826848115,559.0012817,4.033221194E-005,559.0012817,6.367994956E-006,559.0012817,-8.111904754E-005,559.0012817,0.0002530831844,559.0012817,0.0001840364566,559.0012817,0.0001003456055,559.0012817,-0.0002508143662,559.0012817,-0.0002252530394,559.0012817,-0.0001099496731,559.0012817,-0.000165172838,559.0012817,-0.0002089530317,559.0012817,-0.0002512800565,559.0012817,-0.0001893404697,559.0012817,-9.892490198E-005,559.0012817,-0.0002028985909,
557.9873657,80.93444824,557.9873657,0.0008309167461,557.9873657,5.382026211E-005,557.9873657,-3.152796489E-005,557.9873657,-5.943011638E-005,557.9873657,8.809888823E-005,557.9873657,8.043515118E-005,557.9873657,5.542539657E-005,557.9873657,0.0003591609711,557.9873657,0.0002544818271,557.9873657,0.0001820164907,557.9873657,-9.836657E-007,557.9873657,-5.280416372E-005,557.9873657,-0.0002093670046,557.9873657,-1.905165482E-005,557.9873657,-9.706153651E-005,557.9873657,4.589824675E-005,557.9873657,-0.0001103637478,557.9873657,-7.878973702E-005,557.9873657,-0.0001614466601,
557.0108032,80.97447205,557.0108032,-0.0148940105,557.0108032,-0.0002178016875,557.0108032,-0.0001407450909,557.0108032,-0.0001612914057,557.0108032,-0.0001262534061,557.0108032,-2.588589041E-006,557.0108032,-0.0001214917429,557.0108032,0.0001776917488,557.0108032,0.0001127998112,557.0108032,5.845445048E-005,557.0108032,-0.0002523148723,557.0108032,-0.0002491068735,557.0108032,-0.0002164045436,557.0108032,-0.0002356019395,557.0108032,-0.0002336356702,557.0108032,-0.000134068614,557.0108032,-0.0002859458036,557.0108032,-6.533126725E-005,557.0108032,-0.0001204565924,
555.99646,81.05222321,555.99646,-0.01293848734,555.99646,-2.101889731E-005,555.99646,-4.654047734E-005,555.99646,-0.0001580827229,555.99646,0.0001745323825,555.99646,3.530989488E-005,555.99646,6.381359708E-005,555.99646,0.0003264670668,555.99646,0.0003458706778,555.99646,0.0002659302845,555.99646,-0.0001064300595,555.99646,-6.947237853E-005,555.99646,-6.383010623E-005,555.99646,-0.000102444581,555.99646,2.063160719E-005,555.99646,-6.398539699E-005,555.99646,3.354950968E-005,555.99646,-4.338271538E-005,555.99646,-9.794146172E-005,
554.9817505,81.09967804,554.9817505,0.001460333704,554.9817505,-0.0001033244916,554.9817505,-0.000121698773,554.9817505,-0.0001576169452,554.9817505,7.476511382E-005,554.9817505,1.918192538E-005,554.9817505,3.468858267E-005,554.9817505,0.0002352377196,554.9817505,0.0003350936749,554.9817505,0.0003289540182,554.9817505,-0.0001361906034,554.9817505,-0.0002321350912,554.9817505,-0.0001853040012,554.9817505,-0.0001254770468,554.9817505,-7.325111073E-005,554.9817505,-9.944250633E-005,554.9817505,-0.0001031692154,554.9817505,-3.551409463E-005,554.9817505,-0.000162999233,
554.0045166,81.18260193,554.0045166,-0.003281065729,554.0045166,-3.913781984E-005,554.0045166,-0.0001054466338,554.0045166,-2.210605453E-005,554.0045166,0.0001148453375,554.0045166,9.255219629E-005,554.0045166,6.697216304E-005,554.0045166,0.000322089094,554.0045166,0.0002726130188,554.0045166,0.0001827675005,554.0045166,3.217744961E-005,554.0045166,-0.0001905306999,554.0045166,-6.590067642E-005,554.0045166,-2.060474253E-005,554.0045166,-5.466772564E-005,554.0045166,-0.0001044632008,554.0045166,-0.0001257875847,554.0045166,-2.453920388E-005,554.0045166,-8.712342969E-005,
552.9894409,81.25999451,552.9894409,-0.001933637541,552.9894409,-2.583342757E-005,552.9894409,-0.0001478354825,552.9894409,-0.0001338098373,552.9894409,-2.495335684E-005,552.9894409,-2.966430657E-005,552.9894409,0.0001255909883,552.9894409,0.0001647436584,552.9894409,0.0003219854552,552.9894409,0.0001211373383,552.9894409,-0.0001612914057,552.9894409,-9.421470168E-005,552.9894409,-0.0001753679098,552.9894409,-0.0001494916214,552.9894409,-0.0001710208016,552.9894409,-0.0001990692399,552.9894409,-0.0001263569138,552.9894409,-4.400391845E-005,552.9894409,-0.0001133139885,
552.0116577,81.34798431,552.0116577,-0.008176336065,552.0116577,-6.527950609E-005,552.0116577,2.099402809E-005,552.0116577,-9.5767522E-005,552.0116577,0.0001326599595,552.0116577,0.0001414639701,552.0116577,5.50888326E-005,552.0116577,0.000297453953,552.0116577,0.0003469846561,552.0116577,0.0002586001356,552.0116577,-9.768265591E-005,552.0116577,-0.000140589822,552.0116577,-9.276540368E-005,552.0116577,0.0001140944514,552.0116577,-8.934917423E-005,552.0116577,9.221561049E-005,552.0116577,-3.520349128E-005,552.0116577,-3.686005584E-005,552.0116577,-0.0001022892975,
550.9961548,81.38368988,550.9961548,-0.01580576785,550.9961548,-0.0001308079809,550.9961548,-0.0002069866459,550.9961548,-0.0001426600211,550.9961548,4.579469169E-005,550.9961548,3.53616706E-005,550.9961548,-9.954602137E-005,550.9961548,0.0002488613245,550.9961548,0.0002222102194,550.9961548,2.311678509E-005,550.9961548,-0.0002538671251,550.9961548,-0.0002361711231,550.9961548,-0.0003134177241,550.9961548,-0.0001978790242,550.9961548,-0.0002244768693,550.9961548,-0.0001499056525,550.9961548,-0.0001780072052,550.9961548,-1.226977565E-005,550.9961548,-0.0002382926032,
550.0178833,81.45092773,550.0178833,0,550.0178833,-8.898683882E-005,550.0178833,-0.000132619447,550.0178833,-0.0001661043789,550.0178833,-0.0001214399817,550.0178833,0.0001054981331,550.0178833,3.543933781E-005,550.0178833,0.0002485246223,550.0178833,0.0001566124556,550.0178833,0.0001782096806,550.0178833,-0.000126408675,550.0178833,-0.0001687437325,550.0178833,-0.0001826647494,550.0178833,-0.0002144899336,550.0178833,-0.0002366885601,550.0178833,-7.190526958E-005,550.0178833,-0.0001612396445,550.0178833,-6.662536907E-005,550.0178833,-0.0002451227047,
549.0019531,81.52967834,549.0019531,0.005580606405,549.0019531,-6.419245619E-005,549.0019531,-2.759356539E-005,549.0019531,-2.567812226E-005,549.0019531,0.0001879469055,549.0019531,3.178913175E-005,549.0019531,9.439049609E-005,549.0019531,0.0002689349058,549.0019531,0.0004423575592,549.0019531,0.0001901222713,549.0019531,-4.659471813E-007,549.0019531,-5.161355512E-005,549.0019531,-9.525932001E-006,549.0019531,-4.674754382E-005,549.0019531,-9.587104432E-005,549.0019531,6.730356858E-007,549.0019531,3.673374158E-005,549.0019531,-0.000115953655,549.0019531,-3.204564564E-005,
547.9855347,81.59250641,547.9855347,0.007505676243,547.9855347,1.522121602E-005,547.9855347,-0.0001288929925,547.9855347,-4.726520638E-005,547.9855347,7.165827265E-005,547.9855347,-1.837864875E-005,547.9855347,9.571097326E-005,547.9855347,0.0002394076437,547.9855347,0.0002732346766,547.9855347,0.0002166678169,547.9855347,-0.0001740741282,547.9855347,-0.0001122270551,547.9855347,-0.0001188003444,547.9855347,-6.574986401E-006,547.9855347,-9.856258112E-005,547.9855347,-4.182970952E-005,547.9855347,-0.0001538389479,547.9855347,-4.400592388E-006,547.9855347,-0.0001622747077,
547.0066528,81.68359375,547.0066528,0.008157342672,547.0066528,3.867535997E-005,547.0066528,5.125451935E-006,547.0066528,-8.971150237E-005,547.0066528,5.172324381E-005,547.0066528,4.690790956E-005,547.0066528,0.000142888166,547.0066528,0.0002576418046,547.0066528,0.0004069108982,547.0066528,0.0002909521863,547.0066528,-8.681286272E-005,547.0066528,-0.0001099496731,547.0066528,-0.0001904789533,547.0066528,-6.967943773E-005,547.0066528,-0.0001315843256,547.0066528,-3.085497883E-005,547.0066528,-6.403716543E-005,547.0066528,-7.392403495E-005,547.0066528,-0.0001625334698,
545.9899902,81.75382233,545.9899902,0.00977473706,545.9899902,-3.970726175E-005,545.9899902,-2.743826008E-005,545.9899902,6.692038733E-005,545.9899902,0.0001606780424,545.9899902,0.0001000607954,545.9899902,0.0001116346393,545.9899902,0.0003345755686,545.9899902,0.0004353353579,545.9899902,0.0002288145624,545.9899902,-6.523215234E-006,545.9899902,-8.738223551E-005,545.9899902,-9.706153651E-005,545.9899902,-6.667713751E-005,545.9899902,-6.403716543E-005,545.9899902,-1.258039811E-005,545.9899902,-3.256332639E-005,545.9899902,6.471540473E-006,545.9899902,-7.149115845E-005,
545.0106201,81.7741394,545.0106201,0.007201162167,545.0106201,6.117285375E-005,545.0106201,-7.511458534E-005,545.0106201,-2.956076969E-005,545.0106201,0.0001580884855,545.0106201,0.0001431212149,545.0106201,7.372949767E-005,545.0106201,0.0003731511824,545.0106201,0.000436630944,545.0106201,0.0002370507282,545.0106201,-2.246843906E-005,545.0106201,-5.1147661E-005,545.0106201,-0.0001200942861,545.0106201,1.685209281E-005,545.0106201,-8.469063323E-005,545.0106201,3.546522566E-005,545.0106201,7.714086678E-006,545.0106201,0.0001501904626,545.0106201,-2.288259384E-005,
543.9934082,81.82428741,543.9934082,0.007393558975,543.9934082,-0.0001161089313,543.9934082,-8.106728637E-005,543.9934082,-9.240307554E-005,543.9934082,1.848297507E-005,543.9934082,-2.914662218E-005,543.9934082,7.506995644E-006,543.9934082,0.0002153210808,543.9934082,0.0003227367124,543.9934082,0.0001755423436,543.9934082,-0.0001206118613,543.9934082,-0.0001526486158,543.9934082,-0.0001038420887,543.9934082,-0.0001307562197,543.9934082,-0.000134586182,543.9934082,-9.638864867E-005,543.9934082,-0.0001943601237,543.9934082,-4.291681398E-005,543.9934082,-0.0002205442142,
543.0136108,81.8640976,543.0136108,0.01023276523,543.0136108,2.536832199E-006,543.0136108,-4.659449132E-006,543.0136108,1.126054212E-005,543.0136108,0.0001467723487,543.0136108,0.0001454776211,543.0136108,5.640918971E-005,543.0136108,0.0003442644665,543.0136108,0.0004319927248,543.0136108,0.0003025311162,543.0136108,-3.577293319E-005,543.0136108,-9.079848678E-005,543.0136108,-0.0001074134852,543.0136108,-5.808422793E-005,543.0136108,-5.585832696E-005,543.0136108,5.953813343E-006,543.0136108,1.863793727E-006,543.0136108,-3.898251816E-005,543.0136108,-0.0001118647488,
541.9959106,81.94658661,541.9959106,0.005789828952,541.9959106,1.408219487E-005,541.9959106,-7.325111073E-005,541.9959106,-7.237113459E-005,541.9959106,5.809199865E-005,541.9959106,4.100531078E-005,541.9959106,4.418959725E-005,541.9959106,0.000273959944,541.9959106,0.0003112090344,541.9959106,0.0001987202704,541.9959106,-0.0001310667576,541.9959106,-0.0001399687608,541.9959106,-0.0001582379773,541.9959106,-0.0001078793139,541.9959106,-0.0001079828362,541.9959106,-7.589102461E-005,541.9959106,-0.0001654316002,541.9959106,-8.520824485E-005,541.9959106,-0.0001971545425,
541.015625,82.03813171,541.015625,0.008999634534,541.015625,-5.02676412E-005,541.015625,-0.0001391924307,541.015625,-0.000113883325,541.015625,7.533470489E-005,541.015625,2.886381299E-005,541.015625,1.853474896E-005,541.015625,0.0001909509883,541.015625,0.000256579835,541.015625,0.0001334626722,541.015625,-0.0001883572259,541.015625,-0.0002083320724,541.015625,-0.0002121095895,541.015625,-0.0001166782677,541.015625,-0.0001686919713,541.015625,-0.0001201460473,541.015625,-0.0001824577485,541.015625,-0.0001166265138,541.015625,-0.0001503196836,
539.9974976,82.08065796,539.9974976,0.008968155831,539.9974976,-8.541529678E-005,539.9974976,-3.774010111E-005,539.9974976,-5.063000208E-005,539.9974976,3.771749471E-005,539.9974976,1.369389338E-005,539.9974976,8.760695346E-005,539.9974976,0.0002450798347,539.9974976,0.0004087764537,539.9974976,0.0003018576244,539.9974976,-7.019707118E-005,539.9974976,-8.153314411E-005,539.9974976,-9.110905376E-005,539.9974976,-8.029085438E-005,539.9974976,-7.982498937E-005,539.9974976,-0.0001562195976,539.9974976,-8.427653665E-005,539.9974976,-4.472865112E-005,539.9974976,-0.0001490258292,
539.0167847,82.0739975,539.0167847,0.002888658782,539.0167847,-0.0001646035671,539.0167847,-0.000200259441,539.0167847,-0.0001372257248,539.0167847,2.019152453E-005,539.0167847,3.28753049E-006,539.0167847,-4.400391845E-005,539.0167847,0.0001551364257,539.0167847,0.0003539795289,539.0167847,0.0001282580197,539.0167847,-0.0001989657467,539.0167847,-0.000229754849,539.0167847,-0.0001445232047,539.0167847,-0.0001128481599,539.0167847,-0.000192083171,539.0167847,-0.0001868564868,539.0167847,-0.0002071936324,539.0167847,-0.0001592730405,539.0167847,-0.0002430012537,
537.9981689,82.10262299,537.9981689,0.007982148789,537.9981689,-2.521220085E-005,537.9981689,-0.0001414696599,537.9981689,-0.000139865253,537.9981689,0.0001074141619,537.9981689,4.947090201E-005,537.9981689,2.298734762E-005,537.9981689,0.0001925048273,537.9981689,0.0003121416084,537.9981689,0.0001774586708,537.9981689,-9.752737969E-005,537.9981689,-0.0001680192072,537.9981689,-0.0001628439786,537.9981689,-8.469063323E-005,537.9981689,-0.0001083969037,537.9981689,1.573895315E-005,537.9981689,-0.0001995349739,537.9981689,-0.0001262534061,537.9981689,-0.0001179204628,
537.0170288,82.18263245,537.0170288,0.005026293918,537.0170288,-6.988648965E-005,537.0170288,-6.015482359E-005,537.0170288,-4.177794472E-005,537.0170288,0.0001173828423,537.0170288,0.0001015366361,537.0170288,-1.775741111E-005,537.0170288,0.0003265448031,537.0170288,0.0003386687022,537.0170288,0.0001415416482,537.0170288,-0.0001782659529,537.0170288,-0.0001413661521,537.0170288,-0.0001529073779,537.0170288,-0.0001311702799,537.0170288,-5.182061795E-005,537.0170288,-6.051717719E-005,537.0170288,-0.0001774896955,537.0170288,-8.308600809E-005,537.0170288,-0.0001343274052,
535.9979248,82.23440552,535.9979248,0,535.9979248,0.0001221212879,535.9979248,4.201495904E-005,535.9979248,2.096814023E-005,535.9979248,0.00026289979,535.9979248,6.559999747E-005,535.9979248,0.0001179265964,535.9979248,0.0003316999937,535.9979248,0.0004430312547,535.9979248,0.0002561136207,535.9979248,-0.0001015129019,535.9979248,-0.0001037385737,535.9979248,-0.0001213882279,535.9979248,-5.073353532E-005,535.9979248,-1.40817383E-005,535.9979248,2.899325227E-005,535.9979248,-0.0001131587123,535.9979248,-3.287393702E-005,535.9979248,-6.181128992E-005,
535.0163574,82.18843842,535.0163574,0.007732308004,535.0163574,-5.239003804E-005,535.0163574,-7.345816266E-005,535.0163574,2.728466825E-005,535.0163574,7.163238479E-005,535.0163574,8.108242037E-005,535.0163574,0.0001095373445,535.0163574,0.0002591958619,535.0163574,0.0004104606051,535.0163574,0.0001782873733,535.0163574,-9.607808897E-005,535.0163574,-0.0001475767203,535.0163574,-0.0001341203752,535.0163574,-9.215306818E-006,535.0163574,-9.302420949E-005,535.0163574,-5.684186544E-005,535.0163574,-0.0001568923908,535.0163574,-0.0001346896897,535.0163574,-0.000171176056,
533.9968262,82.25400543,533.9968262,0.01035074238,533.9968262,4.918612467E-005,533.9968262,-5.21312104E-005,533.9968262,-8.080847329E-005,533.9968262,0.0001221730636,533.9968262,0.0001124373157,533.9968262,6.720517558E-005,533.9968262,0.0001624907309,533.9968262,0.0002834661864,533.9968262,0.0002054796496,533.9968262,-8.251662803E-005,533.9968262,-0.000162015931,533.9968262,-0.0001723663445,533.9968262,-7.583926345E-005,533.9968262,-0.0001597905648,533.9968262,-3.623884186E-005,533.9968262,-0.0001836997399,533.9968262,-0.0001218540419,533.9968262,-0.0001233549992,
533.0148315,82.29135895,533.0148315,0.008858719841,533.0148315,-7.248010661E-006,533.0148315,-0.0001566336286,533.0148315,-0.0001303939353,533.0148315,2.93297926E-005,533.0148315,1.812018127E-007,533.0148315,2.386751839E-005,533.0148315,0.000182430842,533.0148315,0.0002376723278,533.0148315,0.0001046178004,533.0148315,-0.000179766721,533.0148315,-0.0001623264543,533.0148315,-0.0001170923351,533.0148315,-0.0001419354521,533.0148315,-0.0001302386663,533.0148315,-7.99285117E-005,533.0148315,-0.0001645518059,533.0148315,-0.0001345344208,533.0148315,-0.0002303240326,
531.994812,82.2681427,531.994812,0.009534204379,531.994812,-5.720422268E-005,531.994812,-0.0001544599945,531.994812,-8.479415555E-005,531.994812,0.0001088641366,531.994812,7.240908599E-005,531.994812,-3.924135672E-005,531.994812,0.0002137930569,531.994812,0.0002942937135,531.994812,0.0001917538029,531.994812,-0.0001809569803,531.994812,-0.0001175063953,531.994812,-0.0001245454187,531.994812,-0.000119783741,531.994812,-0.0001770239469,531.994812,-5.585832696E-005,531.994812,-0.0001936873887,531.994812,-0.0001554950577,531.994812,-0.0001417801832,
531.0123291,82.24658966,531.0123291,0.009641284123,531.0123291,9.804122965E-005,531.0123291,1.092401635E-005,531.0123291,8.046103903E-005,531.0123291,0.0002745816018,531.0123291,0.0001457624603,531.0123291,0.0001709845965,531.0123291,0.0002935943194,531.0123291,0.000369627669,531.0123291,0.0003024016041,531.0123291,-4.214031287E-005,531.0123291,-5.125119424E-005,531.0123291,-2.692057205E-005,531.0123291,-2.66099596E-005,531.0123291,-3.10630503E-006,531.0123291,6.042205132E-005,531.0123291,-1.905165482E-005,531.0123291,-1.573838381E-005,531.0123291,-6.817829126E-005,
529.9918823,82.19192505,529.9918823,0.004209888168,529.9918823,-2.852540092E-005,529.9918823,-6.621125794E-005,529.9918823,-3.830954302E-005,529.9918823,0.0001361038594,529.9918823,2.630094059E-005,529.9918823,2.107168984E-005,529.9918823,0.0002799434005,529.9918823,0.0002586519404,529.9918823,0.0002351859148,529.9918823,-0.0001247524488,529.9918823,-0.0001757301652,529.9918823,-0.0001332922839,529.9918823,-6.015482359E-005,529.9918823,-0.0001152808036,529.9918823,-8.655404963E-005,529.9918823,-0.0001577721996,529.9918823,-0.0001562195976,529.9918823,-0.0001743846369,
529.0089722,82.27458954,529.0089722,0.008256511763,529.0089722,-6.067247159E-005,529.0089722,-0.0001170923351,529.0089722,-7.35099311E-005,529.0089722,6.930226664E-005,529.0089722,4.884956797E-005,529.0089722,-3.365045632E-005,529.0089722,0.0001488180424,529.0089722,0.0002599988075,529.0089722,0.000127248175,529.0089722,-0.0001388818928,529.0089722,-0.0002218378504,529.0089722,-0.0001616019144,529.0089722,-0.0001547187567,529.0089722,-0.0001926006662,529.0089722,-0.000148042498,529.0089722,-0.0002418111544,529.0089722,-0.0001740741282,529.0089722,-0.0002939133556,
527.9880371,82.26798248,527.9880371,0.01218151487,527.9880371,3.295408897E-005,527.9880371,-5.182061795E-005,527.9880371,-9.349005268E-005,527.9880371,0.0001768630609,527.9880371,0.0001024687517,527.9880371,8.12118742E-005,527.9880371,0.00031714121,527.9880371,0.0002579785069,527.9880371,0.000183829281,527.9880371,-0.0001584449928,527.9880371,-0.0001141938774,527.9880371,-8.629524382E-005,527.9880371,-1.232154591E-005,527.9880371,-8.536353562E-005,527.9880371,-5.311475979E-005,527.9880371,-0.0001351554965,527.9880371,-9.297244833E-005,527.9880371,-0.0001286859624,
527.0046997,82.18554688,527.0046997,0.005756671075,527.0046997,-0.0001774379489,527.0046997,-9.618160402E-005,527.0046997,-0.0001938943897,527.0046997,8.242874173E-005,527.0046997,-5.156178668E-005,527.0046997,3.52050597E-006,527.0046997,0.000143431942,527.0046997,0.0001288535714,527.0046997,0.0001316501002,527.0046997,-0.0002501417184,527.0046997,-0.0002392757306,527.0046997,-0.0001893404697,527.0046997,-0.0001743846369,527.0046997,-0.000258575601,527.0046997,-0.0001588590094,527.0046997,-0.0002324455563,527.0046997,-0.0001937908819,527.0046997,-0.0002526770695,
525.9833374,82.18112946,525.9833374,0.003626035061,525.9833374,-0.0001186968293,525.9833374,-6.217364717E-005,525.9833374,-0.0001118129876,525.9833374,0.0001723311871,525.9833374,-9.681244592E-006,525.9833374,1.617903217E-005,525.9833374,0.0001870146079,525.9833374,0.0001538157667,525.9833374,0.0001346537902,525.9833374,-0.0002659227757,525.9833374,-0.0001968440629,525.9833374,-0.0001696752588,525.9833374,-8.50012002E-005,525.9833374,-0.0001342756441,525.9833374,-0.0001235102827,525.9833374,-0.0002131962683,525.9833374,-0.0001584449928,525.9833374,-0.0001857179886,
524.9995728,82.13886261,524.9995728,0.007337806746,524.9995728,-8.013556362E-005,524.9995728,-0.0001226821623,524.9995728,-0.0001133657424,524.9995728,6.422783918E-005,524.9995728,1.185593555E-005,524.9995728,5.953776849E-007,524.9995728,0.000159201998,524.9995728,0.00014615088,524.9995728,0.0001903035591,524.9995728,-0.0001898579649,524.9995728,-0.0001744363835,524.9995728,-0.0002428460139,524.9995728,-0.000160825628,524.9995728,-0.0002132480149,524.9995728,-0.000141159122,524.9995728,-0.000268147618,524.9995728,-0.0002062104322,524.9995728,-0.0002182156604,
524.015564,82.08574677,524.015564,0.004897199571,524.015564,-2.060474253E-005,524.015564,-3.344338256E-005,524.015564,4.763044217E-006,524.015564,0.0001422149071,524.015564,0.0001228462934,524.015564,8.701145271E-005,524.015564,0.0002878178784,524.015564,0.000218895133,524.015564,0.0001762933389,524.015564,-0.0002383960964,524.015564,-6.983472849E-005,524.015564,-0.0001106225391,524.015564,-9.053968097E-005,524.015564,-0.0001199907711,524.015564,-0.0001007882674,524.015564,-0.0001356212888,524.015564,-0.000126770974,524.015564,-0.0001939978829,
522.9935303,82.02236938,522.9935303,0.01426482666,522.9935303,-0.0001336028217,522.9935303,-5.430536476E-005,522.9935303,-0.0001371739636,522.9935303,0.0001269633503,522.9935303,-1.967329126E-006,522.9935303,4.97297915E-005,522.9935303,0.0001915725297,522.9935303,0.0001791678515,522.9935303,0.0001658312831,522.9935303,-6.207011756E-005,522.9935303,-0.0001678121916,522.9935303,-0.0001786799694,522.9935303,-0.000102030499,522.9935303,-0.0001315843256,522.9935303,-0.000138778385,522.9935303,-0.000195136352,522.9935303,-0.0001567371364,522.9935303,-0.0001833892456,
522.0090942,81.96729279,522.0090942,-0.0004529477737,522.0090942,5.47522759E-005,522.0090942,-9.733014849E-006,522.0090942,-0.0001687954791,522.0090942,0.0001927120175,522.0090942,6.658381608E-005,522.0090942,9.514135309E-005,522.0090942,0.000258367043,522.0090942,0.0003059245646,522.0090942,0.000191986881,522.0090942,-9.178194159E-005,522.0090942,-0.000176247675,522.0090942,-0.0001865459926,522.0090942,-4.612634439E-005,522.0090942,-3.064790508E-005,522.0090942,-2.588596146E-007,522.0090942,-0.0002119543497,522.0090942,-0.0001236137905,522.0090942,-0.000119783741,
520.9865112,81.89311981,520.9865112,0.009009280242,520.9865112,-4.094967153E-005,520.9865112,-0.0001223716099,520.9865112,-0.0001077757988,520.9865112,0.0001824826322,520.9865112,7.207251474E-005,520.9865112,8.615705156E-005,520.9865112,0.0002158390562,520.9865112,0.0002175483824,520.9865112,0.0001654946391,520.9865112,-0.0001027033795,520.9865112,-0.000104514962,520.9865112,-7.397579611E-005,520.9865112,-4.00696299E-005,520.9865112,-7.7081575E-005,520.9865112,-7.42346092E-005,520.9865112,-0.0001513030147,520.9865112,-0.0001642930438,520.9865112,-0.0002324972884,
520.001709,81.82424164,520.001709,0.01824290305,520.001709,5.076534944E-005,520.001709,-2.604050314E-005,520.001709,-5.176884952E-005,520.001709,0.0001633193897,520.001709,9.035143012E-005,520.001709,0.000130640241,520.001709,0.0003175557067,520.001709,0.0002770941355,520.001709,0.0002914443321,520.001709,-4.224384611E-005,520.001709,-7.532163727E-005,520.001709,-5.855011477E-005,520.001709,-5.715245788E-005,520.001709,-9.343829151E-005,520.001709,1.177827562E-005,520.001709,-9.178194159E-005,520.001709,-6.693595788E-005,520.001709,-0.000134068614,
519.0166626,81.77626038,519.0166626,0.007086343132,519.0166626,-0.0001580827229,519.0166626,-6.931708776E-005,519.0166626,-9.462879098E-005,519.0166626,0.0001094596664,519.0166626,7.577484212E-005,519.0166626,0.0001105989359,519.0166626,0.0002417904616,519.0166626,0.000226250515,519.0166626,0.0001949650905,519.0166626,-0.0001798702287,519.0166626,-0.0001383643394,519.0166626,-0.0001432293211,519.0166626,-9.209250857E-005,519.0166626,-7.998028013E-005,519.0166626,-7.925560203E-005,519.0166626,-0.0002527288161,519.0166626,-0.0001559608354,519.0166626,-0.0001631544874,
517.9934692,81.71321869,517.9934692,0.001944110729,517.9934692,-5.513361248E-005,517.9934692,-5.02158764E-005,517.9934692,-6.217364717E-005,517.9934692,0.0001115051782,517.9934692,0.0001156480139,517.9934692,8.056460501E-005,517.9934692,0.0002853311889,517.9934692,0.0001350422099,517.9934692,0.000149776155,517.9934692,-0.0001161089313,517.9934692,-0.0001568406442,517.9934692,-0.0001239243284,517.9934692,3.76398275E-005,517.9934692,-0.0001677086839,517.9934692,-0.0001294105605,517.9934692,-0.0001139868473,517.9934692,-7.299229765E-005,517.9934692,-0.0001739706349,
517.0079346,81.61502838,517.0079346,0.01287107728,517.0079346,3.072772961E-005,517.0079346,-0.0001843724895,517.0079346,-0.0001199907711,517.0079346,0.0001610146865,517.0079346,0.000113964983,517.0079346,7.181361434E-005,517.0079346,0.0002152692905,517.0079346,0.0001513816387,517.0079346,8.600170258E-005,517.0079346,-5.989599958E-005,517.0079346,-0.0001500091603,517.0079346,-0.0001957055938,517.0079346,-1.294296453E-006,517.0079346,-0.0002164045436,517.0079346,-0.0001176616715,517.0079346,-0.0001992244797,517.0079346,-0.0002006216819,517.0079346,-7.35099311E-005,
515.984314,81.52429199,515.984314,0.005896313582,515.984314,-3.675791959E-006,515.984314,-5.792893353E-005,515.984314,-0.0001427635289,515.984314,0.0002368694259,515.984314,0.0001375798311,515.984314,0.0001321938762,515.984314,0.0003296016366,515.984314,0.0002273641876,515.984314,0.0001192471391,515.984314,-0.0001556503121,515.984314,-0.0001468521514,515.984314,-0.0001521828235,515.984314,-3.711889076E-005,515.984314,-6.305363786E-005,515.984314,-8.12743383E-005,515.984314,-0.0001444196823,515.984314,-9.053968097E-005,515.984314,-0.0002245803626,
514.9984131,81.42279053,514.9984131,0.002463090699,514.9984131,-0.000105498395,514.9984131,-0.0002136102412,514.9984131,-0.0001984482515,514.9984131,-4.063906817E-005,514.9984131,-3.504818596E-005,514.9984131,2.340154606E-005,514.9984131,0.0002007920993,514.9984131,3.158099616E-006,514.9984131,0.0001736519043,514.9984131,-0.0002403106046,514.9984131,-0.0002209581726,514.9984131,-0.0002893087512,514.9984131,-0.0001941013761,514.9984131,-0.0001987069991,514.9984131,-0.0001914104359,514.9984131,-0.0002392239985,514.9984131,-0.0002377751807,514.9984131,-0.0003023463942,
514.0122681,81.37717438,514.0122681,0.00574489776,514.0122681,-2.531573955E-005,514.0122681,1.180416166E-005,514.0122681,-7.894502778E-005,514.0122681,0.0001982540998,514.0122681,1.63602399E-005,514.0122681,0.0001339287555,514.0122681,0.0003314927744,514.0122681,0.0001814726565,514.0122681,0.00027509965,514.0122681,-2.138128366E-005,514.0122681,-0.0002209581726,514.0122681,-0.0002382926032,514.0122681,5.228996997E-006,514.0122681,-8.619172149E-005,514.0122681,-8.857274952E-005,514.0122681,-0.0001581344695,514.0122681,-0.0001075687615,514.0122681,-0.0001613948989,
512.9879761,81.30814362,512.9879761,0.01216806937,512.9879761,-8.639876614E-005,512.9879761,-8.029085438E-005,512.9879761,-5.59133332E-006,512.9879761,0.0001626720041,512.9879761,3.681140879E-005,512.9879761,0.0001392370614,512.9879761,0.0003155610175,512.9879761,0.0001501645747,512.9879761,0.0002025013673,512.9879761,-9.224779205E-005,512.9879761,-0.0001354660344,512.9879761,-0.0001545117411,512.9879761,-6.015482359E-005,512.9879761,-8.215429261E-005,512.9879761,-0.0001686402247,512.9879761,-0.0001943083771,512.9879761,-0.0001454547746,512.9879761,-0.0002102984581,
512.0014648,81.25185394,512.0014648,0.006005284842,512.0014648,-2.14330521E-005,512.0014648,-3.12691227E-005,512.0014648,-1.273570979E-005,512.0014648,0.0001476786711,512.0014648,0.0001111426827,512.0014648,3.186679533E-005,512.0014648,0.0002541710273,512.0014648,0.0001299411088,512.0014648,0.0002138189593,512.0014648,-5.922305718E-005,512.0014648,-0.0001028068946,512.0014648,-8.153314411E-005,512.0014648,-7.982498937E-005,512.0014648,-0.0001050325591,512.0014648,-0.000159480056,512.0014648,-0.0001382090704,512.0014648,-0.0001289965003,512.0014648,-0.0001009953048,
511.0147095,81.18751526,511.0147095,0.0004675016098,511.0147095,5.24481402E-005,511.0147095,-2.805948316E-005,511.0147095,8.542377827E-007,511.0147095,0.0002656971919,511.0147095,0.000192090476,511.0147095,0.0001565865678,511.0147095,0.0004021175264,511.0147095,0.0002268203098,511.0147095,0.0002858751686,511.0147095,2.819073416E-005,511.0147095,8.542377827E-007,511.0147095,6.730404039E-006,511.0147095,-1.356403573E-005,511.0147095,-0.0001207671376,511.0147095,-4.845582953E-005,511.0147095,-7.614984497E-005,511.0147095,-6.465833576E-005,511.0147095,-5.518537728E-005,
509.9897156,81.10037994,509.9897156,0.003784724744,509.9897156,-0.0001666736498,509.9897156,-0.0001214399817,509.9897156,-7.713333616E-005,509.9897156,8.002090181E-005,509.9897156,1.043217071E-005,509.9897156,5.974892338E-005,509.9897156,0.0002976871037,509.9897156,0.0001311063243,509.9897156,0.0002228835947,509.9897156,-4.04320017E-005,509.9897156,-0.0001633097563,509.9897156,-0.0001949811121,509.9897156,-0.0001578757074,509.9897156,-0.0001212329516,509.9897156,-0.0001109848527,509.9897156,-0.0001520275691,509.9897156,-0.0001281683944,509.9897156,-0.000272648962,
509.0025024,81.05995941,509.0025024,0.006467629224,509.0025024,1.604933004E-006,509.0025024,2.296146158E-005,509.0025024,-3.023375939E-005,509.0025024,0.000230731137,509.0025024,0.0001139390879,509.0025024,5.218924707E-005,509.0025024,0.0003372956708,509.0025024,0.0001663232979,509.0025024,0.0002793994499,509.0025024,-0.0001048772829,509.0025024,-0.0001634132495,509.0025024,-3.473757897E-005,509.0025024,-4.710990834E-005,509.0025024,-0.00020155315,509.0025024,-0.0001049290368,509.0025024,-0.0001613948989,509.0025024,-0.0001750574011,509.0025024,-0.0001613948989,
508.0150757,81.01370239,508.0150757,0.00262816227,508.0150757,6.655792095E-005,508.0150757,1.780991079E-005,508.0150757,1.646378769E-005,508.0150757,0.0001764487097,508.0150757,8.532853099E-005,508.0150757,0.0001027794569,508.0150757,0.0003026865306,508.0150757,0.000269711978,508.0150757,0.0002443546255,508.0150757,-6.812652282E-005,508.0150757,-8.091200289E-005,508.0150757,-0.0001122270551,508.0150757,-8.479415555E-005,508.0150757,-8.34483435E-005,508.0150757,-2.707587919E-005,508.0150757,-0.0001449889824,508.0150757,-0.000145403028,508.0150757,-0.0001757301652,
506.989502,80.92655182,506.989502,0.01950606331,506.989502,-0.0001094320833,506.989502,-0.0001575651841,506.989502,-0.0001423494978,506.989502,0.0001548515866,506.989502,2.795774526E-005,506.989502,9.664307436E-005,506.989502,0.0002147772029,506.989502,0.0001371396211,506.989502,0.0002565021277,506.989502,-0.0001554433111,506.989502,-0.0002088495385,506.989502,-0.0001999489614,506.989502,-9.954602137E-005,506.989502,-0.0001308597421,506.989502,-0.0001605668658,506.989502,-0.0002050202456,506.989502,-0.0001155913487,506.989502,-0.0001813192357,
506.0017395,80.88788605,506.0017395,0.001633292995,506.0017395,7.714086678E-006,506.0017395,-7.294053648E-005,506.0017395,-2.99749172E-005,506.0017395,0.0002638063452,506.0017395,0.0001404799841,506.0017395,0.0002239195746,506.0017395,0.0003749129537,506.0017395,0.0003327103332,506.0017395,0.0003828927875,506.0017395,4.690790956E-005,506.0017395,-1.672201324E-005,506.0017395,-3.106315205E-007,506.0017395,-7.196239494E-006,506.0017395,-1.718794374E-005,506.0017395,-5.544420492E-005,506.0017395,-0.0001053948727,506.0017395,-9.452526865E-005,506.0017395,-5.880893877E-005,
505.0136719,80.8193512,505.0136719,0.005242546555,505.0136719,-0.0001081381124,505.0136719,-7.019707118E-005,505.0136719,-0.0001009435437,505.0136719,0.0001485849934,505.0136719,0.0001202569692,505.0136719,8.701145271E-005,505.0136719,0.0002127830085,505.0136719,0.0002415314666,505.0136719,0.0002211483516,505.0136719,-0.0001190591356,505.0136719,-0.0001404863142,505.0136719,-5.145825708E-005,505.0136719,3.805404049E-005,505.0136719,-9.380061965E-005,505.0136719,-0.0001831822447,505.0136719,-0.0001715383114,505.0136719,-0.0001022892975,505.0136719,-0.0001814744901,
503.9874573,80.77381134,503.9874573,0.01071426645,503.9874573,-9.866610344E-005,503.9874573,-9.323124686E-005,503.9874573,-0.0001343274052,503.9874573,0.0001040481729,503.9874573,4.162663026E-005,503.9874573,0.0001536086056,503.9874573,8.734803851E-005,503.9874573,7.849335088E-005,503.9874573,0.0002506743767,503.9874573,-9.799322288E-005,503.9874573,-0.0002147486666,503.9874573,-0.0001978790242,503.9874573,-9.209250857E-005,503.9874573,-5.311475979E-005,503.9874573,-0.000132981746,503.9874573,-0.0001684332092,503.9874573,-0.0001427117822,503.9874573,-0.0002505556622,
502.9989624,80.75325012,502.9989624,0.007501634769,502.9989624,2.591262819E-005,502.9989624,-3.406459655E-005,502.9989624,-1.547953252E-005,502.9989624,0.0002353413147,502.9989624,0.0001424220682,502.9989624,0.0001240632846,502.9989624,0.0001823272614,502.9989624,0.0001455812017,502.9989624,0.0003522955521,502.9989624,-6.9161797E-005,502.9989624,-7.278524572E-005,502.9989624,-4.918306331E-006,502.9989624,-5.073353532E-005,502.9989624,-4.110497321E-005,502.9989624,-8.562234143E-005,502.9989624,3.59816454E-006,502.9989624,-8.676110156E-005,502.9989624,-7.552868919E-005,
502.0103149,80.68696594,502.0103149,0.002723444952,502.0103149,-4.767933569E-005,502.0103149,-0.0001046184843,502.0103149,-1.164852983E-005,502.0103149,0.0002088205365,502.0103149,9.500254237E-006,502.0103149,6.704983389E-005,502.0103149,0.0001702336012,502.0103149,6.637669139E-005,502.0103149,0.0002203454787,502.0103149,-0.0001776449499,502.0103149,-0.0001894957095,502.0103149,-0.0001759371662,502.0103149,-0.0001334475528,502.0103149,-7.123234536E-005,502.0103149,-0.0001296175906,502.0103149,-0.0001183862842,502.0103149,-0.0002576442494,502.0103149,-0.0001234067604,
500.983429,80.6843338,500.983429,0.001585942111,500.983429,6.114695861E-005,500.983429,-1.791272007E-005,500.983429,0.0001166319489,500.983429,0.0003813900694,500.983429,0.0002631588141,500.983429,0.0002615011181,500.983429,0.0003553525894,500.983429,0.0002785705728,500.983429,0.0004007702228,500.983429,6.575533916E-005,500.983429,2.422994294E-005,500.983429,3.098660818E-005,500.983429,3.81058162E-005,500.983429,2.883792695E-005,500.983429,8.494016947E-005,500.983429,-5.850189609E-006,500.983429,7.986555283E-005,500.983429,-3.344338256E-005,
499.9943542,80.62915802,499.9943542,0.004929945339,499.9943542,-4.970077498E-006,499.9943542,-4.659449132E-006,499.9943542,-3.225271939E-005,499.9943542,0.000171424821,499.9943542,0.0001746877533,499.9943542,0.0001044624441,499.9943542,0.0003175816091,499.9943542,0.0002922473359,499.9943542,0.0003314150381,499.9943542,-0.0001521828235,499.9943542,-7.972146705E-005,499.9943542,-0.0002082803258,499.9943542,-6.207011756E-005,499.9943542,-9.524991765E-005,499.9943542,-0.0001029104169,499.9943542,-0.0001471109281,499.9943542,-6.843710435E-005,499.9943542,-2.422858961E-005,
499.0050659,80.61997223,499.0050659,-0.001397116343,499.0050659,1.227012217E-005,499.0050659,-4.162264304E-005,499.0050659,-0.0001118647488,499.0050659,0.0001457624603,499.0050659,8.398220234E-005,499.0050659,0.0001028571278,499.0050659,0.0001921681687,499.0050659,0.0001405576622,499.0050659,0.0003182033252,499.0050659,-0.0001281166478,499.0050659,-0.0001423494978,499.0050659,-0.0001317913557,499.0050659,1.532476381E-005,499.0050659,-8.401772357E-005,499.0050659,-0.0001508889836,499.0050659,-0.0001869599801,499.0050659,-0.0001775414421,499.0050659,-0.0001898579649,
498.0155945,80.61934662,498.0155945,0.01215003617,498.0155945,-6.481362652E-005,498.0155945,1.990676537E-005,498.0155945,-5.249357127E-005,498.0155945,0.0002100377606,498.0155945,0.0002495865629,498.0155945,0.0002724835067,498.0155945,0.0002874293423,498.0155945,0.000207085337,498.0155945,0.0003238506324,498.0155945,-3.515172284E-005,498.0155945,-5.968894038E-005,498.0155945,-0.0001256323158,498.0155945,-1.951758168E-005,498.0155945,-3.261509482E-005,498.0155945,-7.935912436E-005,498.0155945,-0.0001031174543,498.0155945,-4.855936277E-005,498.0155945,-5.865364437E-005,
496.987854,80.60794067,496.987854,0.008272393607,496.987854,-0.0001330334926,496.987854,-0.0001583414851,496.987854,-0.0001624299621,496.987854,0.0001459696214,496.987854,8.90309675E-005,496.987854,7.649977488E-005,496.987854,0.0001478340419,496.987854,0.000175335168,496.987854,0.0002186620404,496.987854,-0.0001857179886,496.987854,-0.0001251147478,496.987854,-0.0001563231053,496.987854,-0.0001228374313,496.987854,-0.0001353107655,496.987854,-0.0002020188695,496.987854,-0.0001444196823,496.987854,-0.0001352072431,496.987854,-0.0002278920292,
495.9979858,80.60623169,495.9979858,0.01076184958,495.9979858,-9.131609841E-005,495.9979858,-0.0001452995202,495.9979858,-6.838534318E-005,495.9979858,0.0001925566321,495.9979858,0.0001503976237,495.9979858,0.0001022098295,495.9979858,0.0002352118172,495.9979858,0.0001298375428,495.9979858,0.0002502858697,495.9979858,-0.000118438038,495.9979858,-0.0001794562268,495.9979858,-0.0001465933747,495.9979858,-5.316652459E-005,495.9979858,-8.220605378E-005,495.9979858,-0.0001077240377,495.9979858,-0.0001275990799,495.9979858,-9.633688751E-005,495.9979858,-0.0001561161043,
495.0078735,80.58794403,495.0078735,0,495.0078735,2.964044506E-005,495.0078735,-5.389124271E-005,495.0078735,-7.796153659E-005,495.0078735,0.0002224433119,495.0078735,6.143174687E-005,495.0078735,0.0001107801872,495.0078735,0.0001888274128,495.0078735,0.000159201998,495.0078735,0.0004085432447,495.0078735,-6.574986401E-006,495.0078735,-2.5626352E-005,495.0078735,-0.0001281166478,495.0078735,-4.529808211E-005,495.0078735,-0.0001267192129,495.0078735,-7.765096234E-005,495.0078735,-0.0001557538199,495.0078735,-8.846922719E-005,495.0078735,-0.0001485600515,
494.0176086,80.56304169,494.0176086,0.01117531117,494.0176086,-9.007383051E-005,494.0176086,-9.380061965E-005,494.0176086,-7.796153659E-005,494.0176086,0.0001208784088,494.0176086,8.664897905E-005,494.0176086,0.0001079320136,494.0176086,0.0002291512646,494.0176086,0.0001647954487,494.0176086,0.0003315186768,494.0176086,-0.0001629474864,494.0176086,-5.565126776E-005,494.0176086,-0.0001242348808,494.0176086,-5.808422793E-005,494.0176086,6.885722087E-006,494.0176086,-7.035236194E-005,494.0176086,-0.0001351037354,494.0176086,-7.790977543E-005,494.0176086,-0.0002224587952,
492.9890137,80.53858948,492.9890137,0.006460289937,492.9890137,-2.117420627E-005,492.9890137,-9.167841927E-005,492.9890137,-0.0001474214514,492.9890137,0.0002190246305,492.9890137,0.0001214480581,492.9890137,0.0001494654134,492.9890137,0.0002696342708,492.9890137,0.0001718650601,492.9890137,0.000333927921,492.9890137,-8.551881911E-005,492.9890137,-7.040413038E-005,492.9890137,-8.220605378E-005,492.9890137,-8.594056453E-006,492.9890137,-6.854063395E-005,492.9890137,-6.005129399E-005,492.9890137,-9.079848678E-005,492.9890137,-0.0001065335746,492.9890137,-0.0001177651866,
491.9983215,80.59925079,491.9983215,0.005983944517,491.9983215,-4.472865112E-005,491.9983215,-5.730775229E-005,491.9983215,-3.742949775E-005,491.9983215,0.0002141815348,491.9983215,0.0001067150733,491.9983215,0.0001383307535,491.9983215,0.0002137153642,491.9983215,0.0001305107726,491.9983215,0.0003125301737,491.9983215,-0.0001155913487,491.9983215,-9.856258112E-005,491.9983215,-9.959778254E-005,491.9983215,-4.752403765E-005,491.9983215,-9.457702981E-005,491.9983215,-0.0001548740111,491.9983215,-0.0001591177861,491.9983215,-0.000105498395,491.9983215,-0.0001007882674,
491.0073853,80.61004639,491.0073853,0.01091238484,491.0073853,1.501388738E-006,491.0073853,-0.0001559090888,491.0073853,-5.46159572E-005,491.0073853,0.0001477563492,491.0073853,5.951591811E-005,491.0073853,5.141257498E-005,491.0073853,0.000191857398,491.0073853,0.0001248918707,491.0073853,0.0002331139258,491.0073853,-5.958541078E-005,491.0073853,-7.454519073E-005,491.0073853,-0.0001753679098,491.0073853,-3.287393702E-005,491.0073853,-0.0001204048313,491.0073853,-0.000143539859,491.0073853,-0.0001909446873,491.0073853,-0.0001138315711,491.0073853,-0.0002163010504,
490.0163269,80.56510162,490.0163269,0.01015980821,490.0163269,-2.200251583E-005,490.0163269,-0.0001240796119,490.0163269,-8.406948473E-005,490.0163269,0.0001464875095,490.0163269,0.0001203087595,490.0163269,6.666148693E-005,490.0163269,0.000187247686,490.0163269,0.0001349127269,490.0163269,0.0002645834174,490.0163269,-0.0001136245337,490.0163269,-0.0001962748211,490.0163269,-0.0001313255489,490.0163269,-4.918055492E-005,490.0163269,-2.598873471E-005,490.0163269,-0.0001354142732,490.0163269,-0.000173194363,490.0163269,-0.0001381055627,490.0163269,-0.000184165503,
488.9868164,80.57061768,488.9868164,0.007930916734,488.9868164,-0.0001093803294,488.9868164,-0.0001297210983,488.9868164,-9.436998516E-005,488.9868164,0.0001409719698,488.9868164,5.325070015E-005,488.9868164,0.0001059382994,488.9868164,0.0002523061412,488.9868164,0.0001039963827,488.9868164,0.0002381385275,488.9868164,-0.0001624817087,488.9868164,-0.0001668806508,488.9868164,-0.0001463863591,488.9868164,-3.525525608E-005,488.9868164,-6.465833576E-005,488.9868164,-0.0001217505269,488.9868164,-0.0001162642075,488.9868164,-7.961793744E-005,488.9868164,-0.000207504112,
487.9953613,80.63442993,487.9953613,0.007766900118,487.9953613,-0.0001244936575,487.9953613,-5.057823728E-005,487.9953613,-8.158490527E-005,487.9953613,0.0001724347821,487.9953613,6.119874161E-005,487.9953613,8.413754404E-005,487.9953613,0.0003020907461,487.9953613,0.0001272222871,487.9953613,0.0003194467572,487.9953613,-0.0001395547151,487.9953613,-0.0001531661546,487.9953613,-0.0001939978829,487.9953613,-5.735951709E-005,487.9953613,-7.765096234E-005,487.9953613,-0.0001191108895,487.9953613,-0.000155805581,487.9953613,-8.914212231E-005,487.9953613,-0.0001563748665,
487.0036621,80.68164825,487.0036621,0.004878913984,487.0036621,-7.242290303E-005,487.0036621,-9.695801418E-005,487.0036621,-7.516634651E-005,487.0036621,0.0001239597041,487.0036621,9.550383402E-005,487.0036621,0.0001027276739,487.0036621,0.0002582116285,487.0036621,0.0001758789876,487.0036621,0.0003081782197,487.0036621,-9.369709733E-005,487.0036621,-0.0001237172983,487.0036621,-0.0001469039125,487.0036621,-3.453050886E-005,487.0036621,-7.521810767E-005,487.0036621,-0.0001238208206,487.0036621,-0.0001615501678,487.0036621,-9.654393216E-005,487.0036621,-0.0002438808733,
486.0117493,80.65989685,486.0117493,0.009312721901,486.0117493,-5.176884952E-005,486.0117493,-0.0002535566746,486.0117493,-0.0001602045959,486.0117493,3.569821638E-005,486.0117493,-4.15708746E-005,486.0117493,-8.64582762E-006,486.0117493,0.0003132036945,486.0117493,0.0001326081692,486.0117493,0.0002440956014,486.0117493,-0.0001296693372,486.0117493,-0.0002095222444,486.0117493,-0.0002521596616,486.0117493,-0.0001453512668,486.0117493,-0.0001698822598,486.0117493,-0.0002203372278,486.0117493,-0.0001893922163,486.0117493,-0.000186080244,486.0117493,-0.0001939461363,
484.9814758,80.68795776,484.9814758,0.00715395296,484.9814758,-0.0001266674517,484.9814758,-0.0002242181363,484.9814758,-0.0001271332731,484.9814758,0.000118651602,484.9814758,9.200847853E-005,484.9814758,-3.779334975E-006,484.9814758,0.0003743688576,484.9814758,9.651361324E-005,484.9814758,0.0003304047277,484.9814758,-0.0001831822447,484.9814758,-0.000179766721,484.9814758,-0.0001836997399,484.9814758,-0.0001076205226,484.9814758,-0.0001786282082,484.9814758,-0.0001134692575,484.9814758,-0.0001646035671,484.9814758,-0.0001962230745,484.9814758,-0.0001936873887,
483.9891968,80.81419373,483.9891968,0.004712937865,483.9891968,-0.0001228891924,483.9891968,-0.0001273920498,483.9891968,-0.0001289965003,483.9891968,0.0001343430631,483.9891968,5.16455766E-005,483.9891968,3.241044033E-005,483.9891968,0.0003855354735,483.9891968,8.27394324E-005,483.9891968,0.0002726648236,483.9891968,-0.000143539859,483.9891968,-0.0002194058034,483.9891968,-0.0001901684591,483.9891968,-0.0001321536402,483.9891968,-0.0002212686522,483.9891968,-0.0002286681993,483.9891968,-0.0002205959609,483.9891968,-0.0001668806508,483.9891968,-0.0002002076944,
482.9966736,80.8760376,482.9966736,0.006774455775,482.9966736,-3.986256343E-005,482.9966736,-0.0001086557022,482.9966736,-4.95429158E-005,482.9966736,0.0001799706515,482.9966736,0.0001256686664,482.9966736,0.0001132917751,482.9966736,0.0004162386758,482.9966736,0.0002159167489,482.9966736,0.0003237729252,482.9966736,-9.167841927E-005,482.9966736,-0.0001362941257,482.9966736,-0.000195343353,482.9966736,-1.387465727E-005,482.9966736,-0.0001092768071,482.9966736,-0.0001678121916,482.9966736,-0.0001534766634,482.9966736,-9.954602137E-005,482.9966736,-0.0001646553137,
482.0039368,80.89504242,482.0039368,0.006156232674,482.0039368,-2.971607501E-005,482.0039368,-0.0001348449587,482.0039368,-9.178194159E-005,482.0039368,0.0001509414287,482.0039368,0.0001159328385,482.0039368,0.0001228204055,482.0039368,0.0004267067707,482.0039368,0.0002222361218,482.0039368,0.0002957961406,482.0039368,-5.953364598E-005,482.0039368,-7.475224265E-005,482.0039368,-0.0002384995896,482.0039368,-7.661570999E-005,482.0039368,-7.847916277E-005,482.0039368,-0.0001503714448,482.0039368,-9.447350749E-005,482.0039368,-0.0001573581831,482.0039368,-0.0001737118728,
481.0110779,80.92120361,481.0110779,-0.0003629197599,481.0110779,-9.499111184E-005,481.0110779,-2.070828123E-005,481.0110779,-0.0001501126681,481.0110779,0.0001270151261,481.0110779,7.826033107E-005,481.0110779,0.0001001384662,481.0110779,0.0004453893052,481.0110779,0.0001727196359,481.0110779,0.0003218559432,481.0110779,-0.0001769204391,481.0110779,-0.0001387266384,481.0110779,-0.0002059516992,481.0110779,-5.61171546E-005,481.0110779,-0.0001399687608,481.0110779,-7.314758841E-005,481.0110779,-0.0001675016829,481.0110779,-9.395590314E-005,481.0110779,-0.0001640342816,
480.0180054,80.96437073,480.0180054,0.00590881519,480.0180054,-2.749002851E-005,480.0180054,-8.603643801E-005,480.0180054,-7.765783607E-007,480.0180054,0.0002321297361,480.0180054,0.000238397537,480.0180054,0.0002009733871,480.0180054,0.0005364813842,480.0180054,0.0002932834905,480.0180054,0.0003732289188,480.0180054,5.798495749E-006,480.0180054,-0.0001706585463,480.0180054,-7.998028013E-005,480.0180054,2.148588464E-005,480.0180054,-5.223474363E-005,480.0180054,-2.464274257E-005,480.0180054,-0.0001838549942,480.0180054,1.49364605E-005,480.0180054,1.739571962E-005,
478.9865112,80.98593903,478.9865112,0.009139618836,478.9865112,-0.0001343274052,478.9865112,-0.0001457653125,478.9865112,-0.0001160571701,478.9865112,0.000149128784,478.9865112,0.0001074659522,478.9865112,5.149024219E-005,478.9865112,0.0003914168628,478.9865112,0.0001550328452,478.9865112,0.0003192654403,478.9865112,-0.000185045239,478.9865112,-0.0001703480375,478.9865112,-0.000167760445,478.9865112,-7.138763613E-005,478.9865112,-0.0001819402387,478.9865112,-0.0001539424557,478.9865112,-0.0001857179886,478.9865112,-8.210253145E-005,478.9865112,-0.0002529357735,
477.9930115,81.04033661,477.9930115,0.008330682293,477.9930115,-5.471949044E-005,477.9930115,-0.0001284271857,477.9930115,-0.000103531529,477.9930115,0.0001983835973,477.9930115,0.0002099600679,477.9930115,9.058444994E-005,477.9930115,0.0004647723108,477.9930115,0.0001753610559,477.9930115,0.0003128928365,477.9930115,-0.0001728838542,477.9930115,-8.588115452E-005,477.9930115,-0.0001308597421,477.9930115,-9.436998516E-005,477.9930115,-8.153314411E-005,477.9930115,-1.563484329E-005,477.9930115,-0.000199793707,477.9930115,-9.638864867E-005,477.9930115,-9.685449186E-005,
476.9993286,81.07771301,476.9993286,0.00894005876,476.9993286,-5.45124276E-005,476.9993286,-0.00010782756,476.9993286,-0.0001221645798,476.9993286,0.0002202159812,476.9993286,0.0002314045414,476.9993286,3.21256739E-005,476.9993286,0.0004413210554,476.9993286,0.0002189210354,476.9993286,0.0002991376969,476.9993286,-0.0001468521514,476.9993286,-8.29307246E-005,476.9993286,-8.758928016E-005,476.9993286,-1.925873403E-005,476.9993286,-1.563484329E-005,476.9993286,-5.404653712E-005,476.9993286,-0.0001826129883,476.9993286,-7.951441512E-005,476.9993286,-0.0001797149744,
476.0054321,81.08856201,476.0054321,0.005165166222,476.0054321,-0.0001887712278,476.0054321,-0.0001798702287,476.0054321,-0.0001472661825,476.0054321,7.002719212E-005,476.0054321,6.112107076E-005,476.0054321,2.775064422E-005,476.0054321,0.0003812346258,476.0054321,0.0001556025381,476.0054321,0.0002285037772,476.0054321,-0.0001613431523,476.0054321,-0.0002492103667,476.0054321,-0.0002636462159,476.0054321,-5.156178668E-005,476.0054321,-6.672889867E-005,476.0054321,-0.0001095873595,476.0054321,-0.0001627404708,476.0054321,-0.0001893404697,476.0054321,-0.0001451442513,
475.0113525,81.1081543,475.0113525,0.00515531376,475.0113525,-0.0001368634257,475.0113525,-0.0001135727798,475.0113525,-2.557458356E-005,475.0113525,6.218254566E-005,475.0113525,0.0002059199178,475.0113525,0.0001009929038,475.0113525,0.0004212394997,475.0113525,0.000120981982,475.0113525,0.0002826631826,475.0113525,-0.0001230962225,475.0113525,-0.0001409521064,475.0113525,-0.0002060034458,475.0113525,-9.773441707E-005,475.0113525,-0.0001465933747,475.0113525,-0.0001269779896,475.0113525,-0.0001653280924,475.0113525,-8.670934039E-005,475.0113525,-0.0002298583277,
474.0171509,81.12152863,474.0171509,0.002371316543,474.0171509,-0.0001697270054,474.0171509,-0.0001362423645,474.0171509,-0.0001351037354,474.0171509,5.855800919E-005,474.0171509,0.0001497502526,474.0171509,8.93675533E-005,474.0171509,0.0004379006568,474.0171509,0.0001974253682,474.0171509,0.0003094475542,474.0171509,-0.0001069476493,474.0171509,-0.0001808534871,474.0171509,-0.0001595835638,474.0171509,-0.0001018234616,474.0171509,-9.794146172E-005,474.0171509,-0.0001127963988,474.0171509,-0.0002150591463,474.0171509,-0.0001245454187,474.0171509,-0.0001601528347,
472.984375,81.12322235,472.984375,0.006647402421,472.984375,-0.0001039973649,472.984375,-9.695801418E-005,472.984375,-9.095377027E-005,472.984375,4.814816748E-006,472.984375,0.0002492757339,472.984375,4.374948912E-005,472.984375,0.0003628398408,472.984375,0.0002000410605,472.984375,0.0003251718008,472.984375,-0.0001278578566,472.984375,-0.0001669841586,472.984375,-0.0001725215989,472.984375,-0.0001521310769,472.984375,-0.0001583414851,472.984375,-0.0001300316362,472.984375,-0.0001399687608,472.984375,-0.0002417594078,472.984375,-0.0001845794905,
471.9897156,81.1333847,471.9897156,0.004566383548,471.9897156,-7.040926448E-006,471.9897156,-0.000119783741,471.9897156,-4.193506811E-006,471.9897156,0.0001647436584,471.9897156,0.0002055314399,471.9897156,0.0001952499733,471.9897156,0.0005061324919,471.9897156,0.0002618896251,471.9897156,0.000361699902,471.9897156,-8.691638504E-005,471.9897156,-0.000144678459,471.9897156,-6.657360791E-005,471.9897156,6.35288161E-005,471.9897156,7.673278742E-005,471.9897156,-4.379684833E-005,471.9897156,-0.0001201978012,471.9897156,-8.753751899E-005,471.9897156,-8.712342969E-005,
470.9948425,81.12247467,470.9948425,-0.001489103539,470.9948425,-5.073620287E-006,470.9948425,-5.974070518E-005,470.9948425,1.025096481E-005,470.9948425,0.0001717096893,470.9948425,0.0002716028248,470.9948425,0.0001784686465,470.9948425,0.0004253075458,470.9948425,0.0002875070495,470.9948425,0.0004161350371,470.9948425,-6.00550311E-006,470.9948425,-4.835229629E-005,470.9948425,-0.0001108295764,470.9948425,2.725878039E-005,470.9948425,-1.050957599E-005,470.9948425,-4.141557292E-005,470.9948425,-8.976326353E-005,470.9948425,-0.0001098979119,470.9948425,-2.019100748E-006,
469.9998169,81.09648132,469.9998169,0.008712913841,469.9998169,-4.001786147E-005,469.9998169,-0.0001283236779,469.9998169,-0.0001141938774,469.9998169,7.525702677E-005,469.9998169,0.0002561395231,469.9998169,7.83897849E-005,469.9998169,0.000441528362,469.9998169,0.0002751773573,469.9998169,0.0003008473723,469.9998169,-6.750535977E-005,469.9998169,-0.00014281529,469.9998169,-0.0001532179012,469.9998169,-3.841307989E-005,469.9998169,-2.510866398E-005,469.9998169,-0.0001028068946,469.9998169,-6.631478755E-005,469.9998169,-0.0001787834626,469.9998169,-0.0001635167573,
469.0045471,81.05002594,469.0045471,0.00696159387,469.0045471,-4.892172365E-005,469.0045471,-9.281716484E-005,469.0045471,-0.0001955503394,469.0045471,0.000114586408,469.0045471,0.0002759544295,469.0045471,7.823444321E-005,469.0045471,0.0004553657491,469.0045471,0.000269582466,469.0045471,0.0003515183635,469.0045471,-9.261012019E-005,469.0045471,-0.0001599975803,469.0045471,-0.0001368634257,469.0045471,-3.339161412E-005,469.0045471,-7.868621469E-005,469.0045471,-6.357128586E-005,469.0045471,-0.0002052272321,469.0045471,-0.000107258209,469.0045471,-0.0001315325644,
468.0091553,81.00164795,468.0091553,0.00964954868,468.0091553,-4.695460666E-005,468.0091553,-8.520824485E-005,468.0091553,1.4755027E-006,468.0091553,0.0001587876613,468.0091553,0.0002550516801,468.0091553,0.0001948356075,468.0091553,0.0004504681856,468.0091553,0.0003261044039,468.0091553,0.0003712858015,468.0091553,-8.991854702E-005,468.0091553,-0.0001892369619,468.0091553,-0.0001554433111,468.0091553,-6.885612947E-006,468.0091553,-2.324497837E-005,468.0091553,-7.583926345E-005,468.0091553,-0.0001661561255,468.0091553,-8.350010467E-005,468.0091553,-5.249357127E-005,
467.0134888,80.94988251,467.0134888,0.005598532502,467.0134888,-2.179543844E-005,467.0134888,-6.1604238E-005,467.0134888,-6.502068572E-005,467.0134888,9.413158114E-005,467.0134888,0.0002361960214,467.0134888,0.000128620537,467.0134888,0.00046288062,467.0134888,0.0004067295231,467.0134888,0.0003571402049,467.0134888,-4.633341086E-005,467.0134888,-6.43995154E-005,467.0134888,-0.000126408675,467.0134888,-2.019058593E-005,467.0134888,-4.938761776E-005,467.0134888,1.496234745E-005,467.0134888,-0.0001373292325,467.0134888,-8.318953769E-005,467.0134888,-0.0001060159848,
466.0177002,80.87751007,466.0177002,0.008511780761,466.0177002,-5.570303256E-005,466.0177002,-8.551881911E-005,466.0177002,-1.397840037E-006,466.0177002,0.0001232346985,466.0177002,0.0002935943194,466.0177002,0.000183233642,466.0177002,0.0004374342388,466.0177002,0.0003486686037,466.0177002,0.0002883877605,466.0177002,-0.0001585485006,466.0177002,-9.861434228E-005,466.0177002,-0.0001278578566,466.0177002,-1.656670429E-005,466.0177002,-8.753751899E-005,466.0177002,-6.621125794E-005,466.0177002,-0.0001632062485,466.0177002,-3.924135672E-005,466.0177002,-0.0001262534061,
464.983429,80.80506897,464.983429,0.008663175628,464.983429,-5.233827324E-005,464.983429,-8.023908595E-005,464.983429,-4.374508353E-005,464.983429,0.0001528835564,464.983429,0.0002549739729,464.983429,8.403398533E-005,464.983429,0.0003623994126,464.983429,0.0002981015423,464.983429,0.0003300679382,464.983429,-1.382288701E-005,464.983429,-0.0001609808824,464.983429,-0.0001135727798,464.983429,-9.385238081E-005,464.983429,-6.305363786E-005,464.983429,-8.458710363E-005,464.983429,-0.000187166981,464.983429,-9.68027307E-005,464.983429,-0.0001097426357,
463.9872131,80.71092987,463.9872131,0.003291249275,463.9872131,-0.0001503196836,463.9872131,-0.000184165503,463.9872131,-0.0001698822598,463.9872131,-3.028552783E-005,463.9872131,0.0001427069074,463.9872131,6.671326264E-005,463.9872131,0.0002969358757,463.9872131,0.0001883871591,463.9872131,0.0002227023069,463.9872131,-7.656394155E-005,463.9872131,-0.000217335968,463.9872131,-0.0001755749108,463.9872131,-3.396106331E-005,463.9872131,-9.276540368E-005,463.9872131,-0.0001710725483,463.9872131,-0.0001840102486,463.9872131,-0.0002975349198,463.9872131,-0.00026990677,
462.9908752,80.62156677,462.9908752,0.006144075654,462.9908752,-5.937835158E-005,462.9908752,-0.0001650693303,462.9908752,-0.0001296693372,462.9908752,7.582661783E-005,462.9908752,0.0002828963334,462.9908752,0.000113395341,462.9908752,0.0003788769245,462.9908752,0.0002731569693,462.9908752,0.0003324771824,462.9908752,-4.49357176E-005,462.9908752,-0.0001379502937,462.9908752,-0.0002064174187,462.9908752,2.863082409E-005,462.9908752,-3.535879296E-005,462.9908752,-7.20087919E-005,462.9908752,-0.0001586520084,462.9908752,-8.251662803E-005,462.9908752,-0.0001572029141,
461.9943237,80.49331665,461.9943237,0.004688534886,461.9943237,-0.0001571511675,461.9943237,-0.0001436433668,461.9943237,-0.0001483530359,461.9943237,6.031849625E-005,461.9943237,0.0002238936722,461.9943237,0.0001492582523,461.9943237,0.0003226849076,461.9943237,0.0002296692546,461.9943237,0.0002169268118,461.9943237,-0.0001589107706,461.9943237,-0.0001362423645,461.9943237,-0.0001891852153,461.9943237,-6.217364717E-005,461.9943237,-0.0001160054162,461.9943237,-6.786770246E-005,461.9943237,-0.0002221483301,461.9943237,-0.0001728838542,461.9943237,-0.0002169220097,
460.9975586,80.42124176,460.9975586,0.009953172877,460.9975586,-1.620431431E-005,460.9975586,-3.644591561E-005,460.9975586,-4.881819405E-005,460.9975586,0.0002258102177,460.9975586,0.0003599899937,460.9975586,0.0001716837869,460.9975586,0.0004638135142,460.9975586,0.0003376842651,460.9975586,0.0003793432843,460.9975586,-3.484111585E-005,460.9975586,-0.0001072064479,460.9975586,-8.44835813E-005,460.9975586,3.272109825E-005,460.9975586,-4.540161535E-005,460.9975586,-0.000117144089,460.9975586,-5.647951184E-005,460.9975586,-6.377834507E-005,460.9975586,-0.0001563748665,
460.0005798,80.38113403,460.0005798,0.004397518001,460.0005798,-5.425359996E-005,460.0005798,-7.666747115E-005,460.0005798,-8.634700498E-005,460.0005798,9.014429816E-005,460.0005798,0.0002042106353,460.0005798,0.0001270928187,460.0005798,0.0004206435406,460.0005798,0.0003209492425,460.0005798,0.0002436034993,460.0005798,-0.00011678179,460.0005798,-0.0001124858463,460.0005798,-0.0001941013761,460.0005798,-5.585832696E-005,460.0005798,-5.886070358E-005,460.0005798,-0.0001127446449,460.0005798,-0.0002150073997,460.0005798,-0.0001614466601,460.0005798,-0.0001980342786,
459.0034485,80.31195068,459.0034485,0.004579849541,459.0034485,-0.0001177134327,459.0034485,-0.0001470074203,459.0034485,-0.0001330852538,459.0034485,4.460381388E-005,459.0034485,0.0001933594467,459.0034485,8.615705156E-005,459.0034485,0.0004376674478,459.0034485,0.000270981167,459.0034485,0.0002912371128,459.0034485,-0.0001636202651,459.0034485,-0.0001749539078,459.0034485,-0.0002424838167,459.0034485,-9.033263632E-005,459.0034485,-0.0001208188914,459.0034485,-0.0001809052337,459.0034485,-0.0002397931676,459.0034485,-0.0001424530055,459.0034485,-0.0001758854196,
458.0061646,80.24784851,458.0061646,0.001532341586,458.0061646,-6.4196729E-006,458.0061646,-5.4408898E-005,458.0061646,-6.258775829E-005,458.0061646,0.0001434837322,458.0061646,0.0002827409189,458.0061646,0.0002384493273,458.0061646,0.000579559186,458.0061646,0.0004097869387,458.0061646,0.0003529432288,458.0061646,-3.737772931E-005,458.0061646,-4.612634439E-005,458.0061646,-0.0001270297507,458.0061646,0.0001094596664,458.0061646,-8.639876614E-005,458.0061646,-9.370619409E-006,458.0061646,-5.052647248E-005,458.0061646,-2.112243601E-005,458.0061646,-8.613996033E-005,
457.0086365,80.14832306,457.0086365,0.009701673873,457.0086365,-0.000112951675,457.0086365,-9.519815649E-005,457.0086365,-0.0001451960125,457.0086365,0.0001396254665,457.0086365,0.0002332434233,457.0086365,0.0002040034451,457.0086365,0.0005573199596,457.0086365,0.0002665260399,457.0086365,0.0003255862975,457.0086365,-1.993173828E-005,457.0086365,-0.0001883054792,457.0086365,-0.0001346379286,457.0086365,-7.221584383E-005,457.0086365,-2.940546437E-005,457.0086365,-0.0001215434968,457.0086365,-0.0002541775757,457.0086365,-7.180173998E-005,457.0086365,-0.0002022258705,
456.0108948,80.07899475,456.0108948,0.002949504415,456.0108948,4.400616831E-007,456.0108948,-5.839481673E-005,456.0108948,-5.503008288E-005,456.0108948,0.0001786499197,456.0108948,0.0002987491607,456.0108948,0.0001318831492,456.0108948,0.0005696576554,456.0108948,0.000416601426,456.0108948,0.0003691095044,456.0108948,-2.966430657E-005,456.0108948,-5.404653712E-005,456.0108948,-9.814849909E-005,456.0108948,9.793766367E-005,456.0108948,-2.127774496E-005,456.0108948,-4.234737935E-005,456.0108948,-0.0001491293369,456.0108948,-5.917129238E-005,456.0108948,-9.271364252E-005,
455.013031,80.01436615,455.013031,0.003585269209,455.013031,-1.439235984E-005,455.013031,-0.000110519024,455.013031,-7.956617628E-005,455.013031,0.0001257981348,455.013031,0.000217392997,455.013031,0.0001949392026,455.013031,0.000605454552,455.013031,0.0004140881065,455.013031,0.0003950700921,455.013031,3.272109825E-005,455.013031,-0.0001451960125,455.013031,-6.626302638E-005,455.013031,4.791757237E-005,455.013031,9.966212019E-006,455.013031,-6.70394802E-005,455.013031,-0.0001370704558,455.013031,-8.567410259E-005,455.013031,-0.0001507854759,
454.0150146,79.93305969,454.0150146,0.003249528119,454.0150146,-0.0001217505269,454.0150146,-0.0002290821576,454.0150146,-0.0001193179196,454.0150146,0.0001034785455,454.0150146,0.0001451668795,454.0150146,9.053266695E-005,454.0150146,0.0005529396003,454.0150146,0.0003393681836,454.0150146,0.0002548444609,454.0150146,-0.000106171261,454.0150146,-0.0002058999526,454.0150146,-0.0002581099398,454.0150146,-6.533126725E-005,454.0150146,-6.051717719E-005,454.0150146,-9.483583563E-005,454.0150146,-0.000222614035,454.0150146,-0.0002017601364,454.0150146,-0.0001809052337,
453.0167236,79.89002228,453.0167236,0.007290797774,453.0167236,-0.0001351554965,453.0167236,-0.000109173292,453.0167236,-5.596185656E-005,453.0167236,8.752927533E-005,453.0167236,0.000208198966,453.0167236,0.000167436825,453.0167236,0.000625803892,453.0167236,0.0004282096343,453.0167236,0.0003085408825,453.0167236,-0.0001163677225,453.0167236,-0.0001806982327,453.0167236,-0.0001698822598,453.0167236,-7.43381388E-005,453.0167236,-0.0001330852538,453.0167236,-5.46159572E-005,453.0167236,-0.000141159122,453.0167236,-0.0001345344208,453.0167236,-0.0001945671247,
452.0183411,79.84453583,452.0183411,0.00681029493,452.0183411,-0.0001375880092,452.0183411,-9.913194663E-005,452.0183411,-0.000164189536,452.0183411,8.714091382E-005,452.0183411,0.0001876102469,452.0183411,9.78858734E-005,452.0183411,0.0006133608986,452.0183411,0.0003740320681,452.0183411,0.0002737268223,452.0183411,-0.0001538389479,452.0183411,-0.0001088627396,452.0183411,-0.0001720558357,452.0183411,-5.037117444E-005,452.0183411,-0.0001043079246,452.0183411,-9.043615864E-005,452.0183411,-0.0001860284974,452.0183411,-8.365539543E-005,452.0183411,-0.000117144089,
450.9812927,79.77552795,450.9812927,0.007131692953,450.9812927,-2.702411075E-005,450.9812927,-8.831394371E-005,450.9812927,-5.855011477E-005,450.9812927,0.0001472643489,450.9812927,0.0002472554916,450.9812927,0.0002608535578,450.9812927,0.000684913015,450.9812927,0.0004255148524,450.9812927,0.0003745243303,450.9812927,-1.910342507E-005,450.9812927,-1.159675867E-005,450.9812927,-0.000108500426,450.9812927,6.508220395E-005,450.9812927,-5.280705409E-006,450.9812927,-9.271364252E-005,450.9812927,-5.358065027E-005,450.9812927,-8.909036114E-005,450.9812927,-4.850759433E-005,
449.9824524,79.70820618,449.9824524,0.006262917072,449.9824524,-3.385752643E-005,449.9824524,-8.976326353E-005,449.9824524,-0.0001460240746,449.9824524,0.0001337992871,449.9824524,0.0001959751098,449.9824524,8.100474952E-005,449.9824524,0.0006622276269,449.9824524,0.0004393517156,449.9824524,0.0003342905839,449.9824524,-0.000111347159,449.9824524,-0.0001581862307,449.9824524,-0.0001425565133,449.9824524,3.391194332E-005,449.9824524,-9.876962577E-005,449.9824524,-6.445127656E-005,449.9824524,-0.000144678459,449.9824524,-0.0001279096177,449.9824524,-0.0002074006188,
448.9835205,79.67175293,448.9835205,0.006414299365,448.9835205,-4.348624861E-005,448.9835205,-0.000109173292,448.9835205,-6.403716543E-005,448.9835205,0.0001381494949,448.9835205,0.0001842695201,448.9835205,0.0001573375193,448.9835205,0.0006307034055,448.9835205,0.00045837168,448.9835205,0.0003548862587,448.9835205,-4.602281479E-005,448.9835205,-0.0001241313585,448.9835205,-0.0001652763458,448.9835205,1.796523429E-005,448.9835205,-8.686462388E-005,448.9835205,-1.661847455E-005,448.9835205,-8.546705794E-005,448.9835205,-0.000108603941,448.9835205,-0.0001992762263,
447.9842834,79.63436127,447.9842834,0.007393096108,447.9842834,-6.584890798E-005,447.9842834,-0.000102548096,447.9842834,-0.0001703997841,447.9842834,0.0001543854596,447.9842834,0.0001971922902,447.9842834,0.0001910027786,447.9842834,0.0006683201646,447.9842834,0.0004301530134,447.9842834,0.0003763379063,447.9842834,-0.0001798184821,447.9842834,-0.0001474214514,447.9842834,-0.0001566853898,447.9842834,-2.588519601E-005,447.9842834,-7.563221152E-005,447.9842834,-8.520824485E-005,447.9842834,-0.0001564783743,447.9842834,-0.0001066370969,447.9842834,-0.000183130498,
446.9849243,79.6142807,446.9849243,0.002847042633,446.9849243,-3.799893966E-005,446.9849243,-3.432343874E-005,446.9849243,-3.240802471E-005,446.9849243,0.0001447266695,446.9849243,0.0001613772183,446.9849243,0.0001699228451,446.9849243,0.000726086786,446.9849243,0.0004157722869,446.9849243,0.0003477877763,446.9849243,-6.445127656E-005,446.9849243,-0.0001182827691,446.9849243,-0.0001630509942,446.9849243,1.144174894E-005,446.9849243,-7.309581997E-005,446.9849243,-6.445127656E-005,446.9849243,-0.0001053948727,446.9849243,-6.709124864E-005,446.9849243,-0.0001211811978,
445.9854126,79.5843277,445.9854126,0.0111485552,445.9854126,-1.972465907E-005,445.9854126,-0.0001024963422,445.9854126,-8.215429261E-005,445.9854126,0.0001153114135,445.9854126,0.0002100636484,445.9854126,0.0001155444479,445.9854126,0.0007103998214,445.9854126,0.0005442568799,445.9854126,0.0003507929505,445.9854126,-0.0001529591391,445.9854126,-0.0001132104662,445.9854126,-0.0001462828513,445.9854126,4.229973274E-005,445.9854126,-7.801329775E-005,445.9854126,-9.468055214E-005,445.9854126,-0.0001181274929,445.9854126,-0.0001661561255,445.9854126,-0.0001365011412,
444.9856873,79.54955292,444.9856873,0.01146901678,444.9856873,-0.0001348967198,444.9856873,-0.000163982535,444.9856873,-0.0001082933886,444.9856873,0.0001080355796,444.9856873,0.0001123596376,444.9856873,0.0001465652022,444.9856873,0.0006970210234,444.9856873,0.0004798543232,444.9856873,0.0002843987022,444.9856873,-0.0001117612264,444.9856873,-0.0001777484576,444.9856873,-0.0002525218588,444.9856873,1.607548438E-005,444.9856873,4.297091891E-006,444.9856873,-0.0001835962466,444.9856873,-7.884150546E-005,444.9856873,-0.0002152661182,444.9856873,-0.0001725733455,
443.9858093,79.53295898,443.9858093,0.01069182064,443.9858093,-1.915557505E-006,443.9858093,-4.229561091E-005,443.9858093,-6.823005242E-005,443.9858093,0.0001657794928,443.9858093,0.0002018280065,443.9858093,0.0002011805627,443.9858093,0.0006937023136,443.9858093,0.000644806074,443.9858093,0.000325119996,443.9858093,-7.185350114E-005,443.9858093,-8.334482118E-005,443.9858093,-9.105729259E-005,443.9858093,8.92639946E-005,443.9858093,-1.33569547E-005,443.9858093,1.278785658E-005,443.9858093,-5.591009176E-005,443.9858093,-0.0001160571701,443.9858093,-5.497831808E-005,
442.9856567,79.52301788,442.9856567,0.007978253067,442.9856567,8.302423521E-005,442.9856567,-1.190752869E-006,442.9856567,-3.235625627E-005,442.9856567,0.000249405246,442.9856567,0.0003157682659,442.9856567,0.0002738822368,442.9856567,0.0006834351807,442.9856567,0.0006998730823,442.9856567,0.0004308526113,442.9856567,7.196358638E-006,442.9856567,8.438907571E-006,442.9856567,-8.857274952E-005,442.9856567,9.690198931E-005,442.9856567,8.952290227E-005,442.9856567,-4.312388046E-005,442.9856567,1.289140346E-005,442.9856567,-6.843710435E-005,442.9856567,-6.248423597E-005,
441.9854431,79.48993683,441.9854431,0.007908764295,441.9854431,1.410808181E-005,441.9854431,-3.913781984E-005,441.9854431,-4.990528032E-005,441.9854431,0.0001996784849,441.9854431,0.0002425933781,441.9854431,0.0001879728079,441.9854431,0.0006752164918,441.9854431,0.0006229263963,441.9854431,0.0003869604843,441.9854431,-0.0001149702512,441.9854431,-2.629934716E-005,441.9854431,-9.9338984E-005,441.9854431,7.587840082E-005,441.9854431,7.062266377E-005,441.9854431,5.589140346E-005,441.9854431,-1.542776226E-005,441.9854431,-0.0001539942023,441.9854431,-0.0001246489264,
440.9850159,79.48981476,440.9850159,0.009009549394,440.9850159,-4.27097475E-005,440.9850159,-6.781594129E-005,440.9850159,-1.962112037E-005,440.9850159,0.0002155023685,440.9850159,0.0001964671537,440.9850159,0.0002107629116,440.9850159,0.0007492422592,440.9850159,0.0007099331124,440.9850159,0.0004248929617,440.9850159,-5.808422793E-005,440.9850159,-0.0001318431023,440.9850159,-5.896423318E-005,440.9850159,2.839783519E-005,440.9850159,4.532869571E-005,440.9850159,3.233277675E-005,440.9850159,-6.367901733E-006,440.9850159,-6.212187873E-005,440.9850159,-8.194724069E-005,
439.984375,79.47447968,439.984375,0.01370726805,439.984375,-4.581574831E-005,439.984375,-0.0001160054162,439.984375,-3.3495151E-005,439.984375,0.0002109183115,439.984375,0.0002517622197,439.984375,0.0001948097051,439.984375,0.0006636795006,439.984375,0.0006447283085,439.984375,0.0003987233504,439.984375,-5.352888184E-005,439.984375,-0.000121802288,439.984375,-0.0001036350513,439.984375,5.180091102E-005,439.984375,-4.126027488E-005,439.984375,-7.004178042E-005,439.984375,1.120876914E-005,439.984375,-0.0001355695422,439.984375,-0.0001025998572,
438.983551,79.4838028,438.983551,0.01278658304,438.983551,3.419670975E-005,438.983551,-1.734325269E-005,438.983551,-2.381443846E-005,438.983551,0.0002668886737,438.983551,0.0002868594602,438.983551,0.0001904071396,438.983551,0.0007579550147,438.983551,0.0007254385273,438.983551,0.0004582421097,438.983551,1.198536847E-005,438.983551,2.567963929E-005,438.983551,-4.31756489E-005,438.983551,0.0001728750067,438.983551,3.414493403E-005,438.983551,5.348370541E-005,438.983551,3.295408897E-005,438.983551,-0.0001172993652,438.983551,-4.177794472E-005,
437.9825745,79.45718384,437.9825745,0.003808012931,437.9825745,-7.071470463E-005,437.9825745,1.58683888E-005,437.9825745,-8.474239439E-005,437.9825745,0.0001942917588,437.9825745,0.0001980469242,437.9825745,0.0002066191664,437.9825745,0.0006940652966,437.9825745,0.0007268128102,437.9825745,0.0004175083304,437.9825745,-0.0001053948727,437.9825745,-0.0001067923731,437.9825745,-0.000119887256,437.9825745,7.476511382E-005,437.9825745,-7.662179087E-006,437.9825745,-4.607677965E-006,437.9825745,3.375661618E-005,437.9825745,-9.349005268E-005,437.9825745,-0.000145403028,
436.9814148,79.4644928,436.9814148,0.01015255041,436.9814148,-1.822333979E-005,436.9814148,-2.842186404E-005,436.9814148,-6.351951743E-005,436.9814148,0.0002820674272,436.9814148,0.0002392263414,436.9814148,0.0002135081741,436.9814148,0.000688361295,436.9814148,0.0007889179979,436.9814148,0.0004191666085,436.9814148,-5.358065027E-005,436.9814148,-6.553832645E-005,436.9814148,-9.048791981E-005,436.9814148,9.57886441E-005,436.9814148,7.199484389E-005,436.9814148,5.426037751E-005,436.9814148,6.000782014E-005,436.9814148,-6.253599713E-005,436.9814148,-7.915207971E-005,
436.0186157,79.46508026,436.0186157,0.002611451782,436.0186157,-2.692132284E-006,436.0186157,2.107168984E-005,436.0186157,-6.222540833E-005,436.0186157,0.0002664224303,436.0186157,0.0002903304994,436.0186157,0.0002741412609,436.0186157,0.0006993285497,436.0186157,0.0007514982135,436.0186157,0.000384965475,436.0186157,-6.730346627E-007,436.0186157,-6.43995154E-005,436.0186157,-4.503925084E-005,436.0186157,0.0002008438896,436.0186157,9.552027223E-006,436.0186157,7.018253382E-005,436.0186157,8.22992879E-005,436.0186157,-9.923546168E-005,436.0186157,-5.270063411E-005,
435.0171509,79.4524231,435.0171509,0.00784439221,435.0171509,-0.0001235620293,435.0171509,-9.975306602E-005,435.0171509,-8.023908595E-005,435.0171509,0.0001419818582,435.0171509,0.0002033818892,435.0171509,0.000144079313,435.0171509,0.0005823067622,435.0171509,0.0007026214153,435.0171509,0.0003381246934,435.0171509,-0.0001126411225,435.0171509,-0.0001228891924,435.0171509,-0.0001023410587,435.0171509,7.62408672E-005,435.0171509,4.268805787E-005,435.0171509,-1.692909245E-005,435.0171509,-1.387465727E-005,435.0171509,-0.0001744881447,435.0171509,-0.0001429187978,
434.0154419,79.4811554,434.0154419,0.006476184353,434.0154419,3.225511318E-005,434.0154419,3.652663872E-005,434.0154419,1.863793727E-006,434.0154419,0.0002430854947,434.0154419,0.0002713697031,434.0154419,0.0003171671124,434.0154419,0.0005473411875,434.0154419,0.0007930413703,434.0154419,0.0004697477561,434.0154419,3.608653788E-005,434.0154419,4.555954547E-006,434.0154419,-6.124188076E-005,434.0154419,0.0001807475492,434.0154419,0.0001103400136,434.0154419,2.878615123E-005,434.0154419,0.0001439239422,434.0154419,-6.031011799E-005,434.0154419,-4.597104635E-005,
433.0135498,79.47193146,433.0135498,0.000627870555,433.0135498,-0.0001049807979,433.0135498,-0.0001247524488,433.0135498,-0.0001176099104,433.0135498,0.0001590207248,433.0135498,0.0001822495688,433.0135498,0.0002021646942,433.0135498,0.0004736348928,433.0135498,0.0006771868793,433.0135498,0.0003975314903,433.0135498,-8.111904754E-005,433.0135498,-0.0001789904636,433.0135498,-0.0001573064219,433.0135498,6.98459553E-005,433.0135498,4.729623834E-005,433.0135498,-3.535879296E-005,433.0135498,-1.522068305E-005,433.0135498,-0.000176661677,433.0135498,-0.0001397617307,
432.0115662,79.4760437,432.0115662,0.008121945895,432.0115662,-4.203677963E-005,432.0115662,-0.0001325159392,432.0115662,-0.0001694682578,432.0115662,0.000174635963,432.0115662,0.0001857715542,432.0115662,9.389855404E-005,432.0115662,0.0005121710128,432.0115662,0.0007268905756,432.0115662,0.0003350677725,432.0115662,-4.850759433E-005,432.0115662,-0.0001278578566,432.0115662,-0.000151044238,432.0115662,0.0001717873674,432.0115662,2.469591527E-005,432.0115662,6.005586329E-006,432.0115662,1.514355517E-005,432.0115662,-0.000162015931,432.0115662,-0.0001118647488,
431.0093384,79.48019409,431.0093384,0.001957592089,431.0093384,-7.682276191E-005,431.0093384,-7.273347728E-005,431.0093384,-6.258775829E-005,431.0093384,0.0001693531376,431.0093384,0.0002214073465,431.0093384,0.0001968038268,431.0093384,0.0004878101754,431.0093384,0.0008395421901,431.0093384,0.0004630101903,431.0093384,-3.525525608E-005,431.0093384,-4.452158464E-005,431.0093384,-0.0001109330915,431.0093384,7.911472494E-005,431.0093384,-1.506537228E-005,431.0093384,5.205980415E-005,431.0093384,1.783579864E-005,431.0093384,-8.774457092E-005,431.0093384,-0.0001206118613,
430.006958,79.49497986,430.006958,0.008948059753,430.006958,1.043217071E-005,430.006958,-3.753303099E-005,430.006958,-6.523215234E-006,430.006958,0.0001628532773,430.006958,0.0002342535154,430.006958,0.0002527464821,430.006958,0.0004700068966,430.006958,0.0007845871733,430.006958,0.0004963622196,430.006958,-4.762991921E-006,430.006958,-0.0001240796119,430.006958,-1.44441301E-005,430.006958,8.70632357E-005,430.006958,2.008797674E-005,430.006958,3.05724061E-005,430.006958,1.920781324E-005,430.006958,-7.35099311E-005,430.006958,-0.0001064300595,
429.004364,79.50025177,429.004364,0.01170329005,429.004364,-7.185350114E-005,429.004364,-0.000111347159,429.004364,1.775813689E-005,429.004364,0.000176604095,429.004364,0.0002031488111,429.004364,0.000235911124,429.004364,0.0005175875849,429.004364,0.0008271709085,429.004364,0.0005080503179,429.004364,-9.411118663E-005,429.004364,-0.000109846158,429.004364,-6.258775829E-005,429.004364,0.0001559909724,429.004364,7.155471394E-005,429.004364,1.439283733E-005,429.004364,0.0001036079993,429.004364,-0.0001136245337,429.004364,-0.0001211811978,
428.0016479,79.47560883,428.0016479,0.0128864469,428.0016479,-9.395590314E-005,428.0016479,-0.0001297210983,428.0016479,-0.0001701927686,428.0016479,0.0001708551135,428.0016479,0.0001293455571,428.0016479,0.0001809029345,428.0016479,0.0004392480769,428.0016479,0.0007272017538,428.0016479,0.0003972983104,428.0016479,-0.0001246489264,428.0016479,-0.0001625334698,428.0016479,-0.0001075687615,428.0016479,4.530068054E-006,428.0016479,2.368630703E-005,428.0016479,1.835353942E-005,428.0016479,-1.915519351E-005,428.0016479,-0.0001818367455,428.0016479,-0.000195136352,
426.9987488,79.4888382,426.9987488,0.007383537944,426.9987488,-8.883155533E-005,426.9987488,-0.0001511477458,426.9987488,-0.0001781624596,426.9987488,0.0001565088751,426.9987488,0.0001765004999,426.9987488,0.0001223543222,426.9987488,0.0003903027682,426.9987488,0.0007266831235,426.9987488,0.0004466071841,426.9987488,-0.0001363458723,426.9987488,-0.0001056536712,426.9987488,-0.0002041405387,426.9987488,0.0001292937668,426.9987488,-3.147619645E-005,426.9987488,1.377155331E-005,426.9987488,-8.542285286E-006,426.9987488,-0.0001334992994,426.9987488,-0.0001043596858,
425.995636,79.5162735,425.995636,0.006832701154,425.995636,-9.079848678E-005,425.995636,-8.536353562E-005,425.995636,-0.0001014611407,425.995636,0.0002410652523,425.995636,0.0001923235541,425.995636,0.0001916761103,425.995636,0.0004479028285,425.995636,0.0008134254022,425.995636,0.0004851150152,425.995636,-0.0001211811978,425.995636,-0.0001543564867,425.995636,-0.0001015129019,425.995636,0.0001366217475,425.995636,-4.074260141E-005,425.995636,6.034438411E-005,425.995636,9.8367791E-006,425.995636,-0.0001577721996,425.995636,-0.0001483012747,
424.9923706,79.5424118,424.9923706,0.009040528908,424.9923706,-2.73347232E-005,424.9923706,-4.581574831E-005,424.9923706,-0.0001214399817,424.9923706,0.0002473072964,424.9923706,0.0001741698361,424.9923706,0.0002007920993,424.9923706,0.0004766668426,424.9923706,0.0007635043585,424.9923706,0.0004769259831,424.9923706,-7.252642536E-005,424.9923706,-0.000111347159,424.9923706,-0.0001294105605,424.9923706,0.0001054981331,424.9923706,1.755104131E-005,424.9923706,0.0001137060535,424.9923706,-1.071665884E-005,424.9923706,-9.235131438E-005,424.9923706,-0.0001082416275,
423.9889832,79.57294464,423.9889832,0.00441286806,423.9889832,-4.462511788E-005,423.9889832,-2.5626352E-005,423.9889832,-9.623336518E-005,423.9889832,0.0002336578182,423.9889832,0.0002978166158,423.9889832,0.0002421789686,423.9889832,0.0005092165666,423.9889832,0.0008031035541,423.9889832,0.0004865144438,423.9889832,-6.838534318E-005,423.9889832,-4.203677963E-005,423.9889832,-7.759920118E-005,423.9889832,0.0001926084224,423.9889832,5.571017755E-005,423.9889832,3.797637692E-005,423.9889832,1.333147793E-005,423.9889832,-9.581928316E-005,423.9889832,-8.210253145E-005,
422.9853821,79.5739975,422.9853821,0.01036611199,422.9853821,5.953813343E-006,422.9853821,-8.479415555E-005,422.9853821,-9.017735283E-005,422.9853821,0.0001746100606,422.9853821,0.0002897347149,422.9853821,0.0002421012759,422.9853821,0.0005324382219,422.9853821,0.0008166672196,422.9853821,0.0004740236036,422.9853821,-0.0001402275375,422.9853821,-0.0001373292325,422.9853821,-0.0001047219994,422.9853821,0.0001237266697,422.9853821,2.769807452E-006,422.9853821,-2.966430657E-005,422.9853821,1.682591233E-006,422.9853821,-0.000114659706,422.9853821,-0.0001045667232,
421.9815674,79.59664154,421.9815674,0.004395140801,421.9815674,7.610541161E-006,421.9815674,-2.692132284E-006,421.9815674,-2.112243601E-005,421.9815674,0.0002517622197,421.9815674,0.0003291612375,421.9815674,0.000222805902,421.9815674,0.0006030438235,421.9815674,0.0008175230469,421.9815674,0.0005466413568,421.9815674,-8.960798004E-005,421.9815674,-2.516043241E-005,421.9815674,-3.328808089E-005,421.9815674,0.0002122391306,421.9815674,9.842960571E-005,421.9815674,0.0001335921406,421.9815674,8.053871716E-005,421.9815674,-4.44698162E-005,421.9815674,-5.337358743E-005,
421.0162048,79.6319809,421.0162048,0.004932602867,421.0162048,-2.008704723E-005,421.0162048,-1.615254405E-005,421.0162048,-5.668657104E-005,421.0162048,0.0002738045296,421.0162048,0.0002352118172,421.0162048,0.000333254342,421.0162048,0.0006105612847,421.0162048,0.0007956605987,421.0162048,0.0005399285001,421.0162048,-1.138967673E-005,421.0162048,-1.884457561E-005,421.0162048,-0.000125166509,421.0162048,0.0001954830514,421.0162048,0.000116139985,421.0162048,0.0001112203608,421.0162048,0.0001100810841,421.0162048,-0.0001523380924,421.0162048,-7.480400382E-005,
420.0121155,79.66024017,420.0121155,0.004441702738,420.0121155,-2.842186404E-005,420.0121155,-1.537599383E-005,420.0121155,-2.847363248E-005,420.0121155,0.000273260579,420.0121155,0.000245546049,420.0121155,0.0002932834905,420.0121155,0.0005775114987,420.0121155,0.000815111096,420.0121155,0.0005445937859,420.0121155,-3.19938772E-005,420.0121155,-4.079436985E-005,420.0121155,-7.739214925E-005,420.0121155,0.0002968581684,420.0121155,0.0001904071396,420.0121155,5.892046102E-005,420.0121155,8.675254503E-005,420.0121155,-9.5042873E-005,420.0121155,-0.0001062230222,
419.007843,79.69140625,419.007843,0.01173643302,419.007843,2.666262844E-006,419.007843,-3.302923869E-005,419.007843,-7.413108688E-005,419.007843,0.0002272346901,419.007843,0.0003058727598,419.007843,0.0001883353689,419.007843,0.0005920790136,419.007843,0.0008333175792,419.007843,0.0005593675887,419.007843,-2.464274257E-005,419.007843,-2.925015906E-005,419.007843,-3.333984569E-005,419.007843,0.0003037745191,419.007843,7.95807573E-005,419.007843,9.304413834E-005,419.007843,5.449338278E-005,419.007843,-3.950019163E-005,419.007843,-8.924565191E-005,
418.0033875,79.72959137,418.0033875,0.00312718912,418.0033875,-3.981079499E-005,418.0033875,-8.727871318E-005,418.0033875,-9.116081492E-005,418.0033875,0.0001910545834,418.0033875,0.0002515291271,418.0033875,0.0001966484415,418.0033875,0.0006381435669,418.0033875,0.0008441588725,418.0033875,0.0005866874126,418.0033875,-7.920384087E-005,418.0033875,-0.0001412108832,418.0033875,-5.373594468E-005,418.0033875,0.0002912630152,418.0033875,0.0001538416691,418.0033875,5.042879275E-005,418.0033875,0.0001057570553,418.0033875,-0.0001639307739,418.0033875,-0.0001333440305,
416.9987183,79.74547577,416.9987183,0.008849618025,416.9987183,-5.384248198E-006,416.9987183,-0.000112020025,416.9987183,-0.0001043079246,416.9987183,0.0003184623783,416.9987183,0.0003033341491,416.9987183,0.0002386824344,416.9987183,0.0006371584604,416.9987183,0.0008494758513,416.9987183,0.0005014158087,416.9987183,-3.722242764E-005,416.9987183,-5.156178668E-005,416.9987183,-7.418284804E-005,416.9987183,0.0002294620645,416.9987183,0.0001441569912,416.9987183,0.000154074718,416.9987183,7.686224126E-005,416.9987183,-0.00018525224,416.9987183,-0.0001132104662,
415.993988,79.76462555,415.993988,0.002545352792,415.993988,-8.749369044E-006,415.993988,-9.157489694E-005,415.993988,-8.189547952E-005,415.993988,0.0003182292276,415.993988,0.0003158977779,415.993988,0.00027509965,415.993988,0.0006654164754,415.993988,0.0008320985944,415.993988,0.0005292244023,415.993988,-2.226136166E-005,415.993988,-6.445127656E-005,415.993988,-0.0001365529024,415.993988,0.0001792714465,415.993988,0.0002052983618,415.993988,0.0001765264024,415.993988,6.588478573E-005,415.993988,-0.0001043079246,415.993988,-9.856258112E-005,
414.9890137,79.77996826,414.9890137,0.002262255875,414.9890137,-7.040413038E-005,414.9890137,-3.882721649E-005,414.9890137,-2.428035987E-005,414.9890137,0.0003109241079,414.9890137,0.0002828445286,414.9890137,0.0003598345502,414.9890137,0.0007580587408,414.9890137,0.000927629997,414.9890137,0.0006119351601,414.9890137,-7.21123215E-005,414.9890137,-2.728295294E-005,414.9890137,-5.497831808E-005,414.9890137,0.0002807205019,414.9890137,0.0002116693649,414.9890137,0.0001989533484,414.9890137,-9.836657E-007,414.9890137,-6.626302638E-005,414.9890137,-0.0001206636225,
413.9838867,79.80934143,413.9838867,0.003204678884,413.9838867,-7.382050535E-005,413.9838867,-1.713617348E-005,413.9838867,-7.133586769E-005,413.9838867,0.0003258194483,413.9838867,0.0003292648762,413.9838867,0.0002624853805,413.9838867,0.0006338401581,413.9838867,0.0008986025932,413.9838867,0.0006490317755,413.9838867,-5.301122656E-005,413.9838867,-7.42346092E-005,413.9838867,4.452614667E-005,413.9838867,0.000299707579,413.9838867,0.000198228212,413.9838867,0.0002049875766,413.9838867,6.293335173E-005,413.9838867,-2.474628127E-005,413.9838867,-7.878973702E-005,
413.0172119,79.82875061,413.0172119,0.004895481281,413.0172119,-3.023375939E-005,413.0172119,-0.0001141421162,413.0172119,-0.0001033762528,413.0172119,0.0002278821776,413.0172119,0.000230731137,413.0172119,0.0002732864814,413.0172119,0.0006599721382,413.0172119,0.0007564769476,413.0172119,0.0005289393594,413.0172119,-7.123234536E-005,413.0172119,-0.0002000524546,413.0172119,-6.062070679E-005,413.0172119,0.0002996039693,413.0172119,0.0001843213104,413.0172119,0.000109226632,413.0172119,4.506980986E-005,413.0172119,-8.148138295E-005,413.0172119,-9.6492171E-005,
412.0117798,79.86756134,412.0117798,0.000829514116,412.0117798,6.686860434E-005,412.0117798,-1.573838381E-005,412.0117798,-6.973119889E-005,412.0117798,0.000351492461,412.0117798,0.0003156128223,412.0117798,0.0004060558567,412.0117798,0.0007677052636,412.0117798,0.000904802233,412.0117798,0.0006759424577,412.0117798,1.532476381E-005,412.0117798,-5.166531992E-005,412.0117798,1.094990239E-005,412.0117798,0.0003522955521,412.0117798,0.0002597916173,412.0117798,0.0002965473395,412.0117798,0.0001413603895,412.0117798,0.0001118676737,412.0117798,-1.434058959E-005,
411.0061646,79.87384033,411.0061646,0.01006182469,411.0061646,-8.12811777E-006,411.0061646,-7.7081575E-005,411.0061646,-0.0001125376075,411.0061646,0.0002880251268,411.0061646,0.0003172448487,411.0061646,0.0002878178784,411.0061646,0.0006944801426,411.0061646,0.0008806268452,411.0061646,0.0005674026324,411.0061646,-0.0001162642075,411.0061646,-4.296858242E-005,411.0061646,-0.0001503196836,411.0061646,0.0002872480254,411.0061646,0.0002153469832,411.0061646,0.0001426292147,411.0061646,2.575730286E-005,411.0061646,-6.434774696E-005,411.0061646,-0.0001233549992,
410.0003662,79.90906525,410.0003662,0.00379639212,410.0003662,-5.958541078E-005,410.0003662,-0.0001691577345,410.0003662,-9.178194159E-005,410.0003662,0.0002099859557,410.0003662,0.0002136117691,410.0003662,0.0002337873157,410.0003662,0.0006560833426,410.0003662,0.0007802823675,410.0003662,0.0005282395869,410.0003662,-8.184371836E-005,410.0003662,-7.946265396E-005,410.0003662,-0.000106171261,410.0003662,0.0002038221573,410.0003662,0.0001475233003,410.0003662,0.0001852795103,410.0003662,-3.525525608E-005,410.0003662,-0.0002020188695,410.0003662,-0.0002498312679,
408.9943542,79.9433136,408.9943542,0.002482929733,408.9943542,-5.182061795E-005,408.9943542,2.552431397E-005,408.9943542,-7.542515959E-005,408.9943542,0.0002804614487,408.9943542,0.0002966250468,408.9943542,0.0002686500084,408.9943542,0.0007388182567,408.9943542,0.0009340375545,408.9943542,0.0005514363293,408.9943542,-4.126027488E-005,408.9943542,-0.0001809569803,408.9943542,-3.81024729E-005,408.9943542,0.000346000219,408.9943542,0.0001835703006,408.9943542,0.0001653392683,408.9943542,5.855800919E-005,408.9943542,-9.628512635E-005,408.9943542,-8.00320413E-005,
407.9882507,79.96649933,407.9882507,0.01307807211,407.9882507,-5.860187957E-005,407.9882507,-2.578165913E-005,407.9882507,-4.664401058E-005,407.9882507,0.0003262080136,407.9882507,0.000403698039,407.9882507,0.0003107945668,407.9882507,0.0007916668546,407.9882507,0.0008844138938,407.9882507,0.0006450134679,407.9882507,-2.614404184E-005,407.9882507,-8.076346603E-006,407.9882507,1.889716805E-005,407.9882507,0.0003207679256,407.9882507,0.0003694204206,407.9882507,0.0003640056821,407.9882507,9.586632223E-005,407.9882507,2.283202411E-005,407.9882507,-6.988648965E-005,
406.9819641,79.98760223,406.9819641,0.009469398297,406.9819641,-8.852911378E-006,406.9819641,-5.653127664E-005,406.9819641,2.249548925E-005,406.9819641,0.0003369589103,406.9819641,0.0003354822693,406.9819641,0.0002511147177,406.9819641,0.0007760294247,406.9819641,0.0009624186787,406.9819641,0.0006162123755,406.9819641,-3.598000694E-005,406.9819641,-4.219207767E-005,406.9819641,-5.02158764E-005,406.9819641,0.0002878955856,406.9819641,0.0002184289478,406.9819641,0.0002193095133,406.9819641,-1.542776226E-005,406.9819641,-0.0001100531954,406.9819641,-7.030060078E-005,
406.0141907,80.00745392,406.0141907,0.003326249542,406.0141907,-8.236134454E-005,406.0141907,-0.0001486635592,406.0141907,-0.000102444581,406.0141907,0.0003004329046,406.0141907,0.0002953039657,406.0141907,0.0002917810925,406.0141907,0.0007305206964,406.0141907,0.0008809900028,406.0141907,0.000663705403,406.0141907,-7.08699954E-005,406.0141907,-6.962767657E-005,406.0141907,-0.0001475249592,406.0141907,0.0003885668411,406.0141907,0.0002619932347,406.0141907,0.0002100377606,406.0141907,9.810893062E-006,406.0141907,-8.075671212E-005,406.0141907,-0.0001648623293,
405.0075989,80.04720306,405.0075989,0.007737828884,405.0075989,-8.686462388E-005,405.0075989,-4.985351188E-005,405.0075989,-0.0001176616715,405.0075989,0.0003934118722,405.0075989,0.0002606981725,405.0075989,0.0002296174644,405.0075989,0.0007060957723,405.0075989,0.0009427021723,405.0075989,0.0005925196456,405.0075989,-0.0001257875847,405.0075989,-0.0001150737662,405.0075989,-0.0001178687016,405.0075989,0.0003841882281,405.0075989,0.0002633401309,405.0075989,0.0002558286942,405.0075989,-1.092374168E-005,405.0075989,-0.000185459241,405.0075989,-0.0001880467316,
404.000824,80.10957336,404.000824,0.004489105195,404.000824,-0.0001194731958,404.000824,-9.592280549E-005,404.000824,-5.818775753E-005,404.000824,0.0003468033101,404.000824,0.000267173571,404.000824,0.0003052251413,404.000824,0.0006717424258,404.000824,0.0009038164862,404.000824,0.0006635757745,404.000824,-8.991854702E-005,404.000824,-5.073353532E-005,404.000824,-0.000142970559,404.000824,0.0003582024074,404.000824,0.0002716028248,404.000824,0.0003662078234,404.000824,4.993690527E-005,404.000824,-0.0001416766754,404.000824,-9.897666314E-005,
402.9938354,80.1578064,402.9938354,0.001229528338,402.9938354,-2.365913133E-005,402.9938354,-2.878424311E-005,402.9938354,-7.604631537E-005,402.9938354,0.0004037757753,402.9938354,0.0003450675867,402.9938354,0.0003848877677,402.9938354,0.0007097516209,402.9938354,0.0009938891744,402.9938354,0.0006833315128,402.9938354,-3.799893966E-005,402.9938354,-7.330287917E-005,402.9938354,-2.484981815E-005,402.9938354,0.000430541666,402.9938354,0.0003403267183,402.9938354,0.0002900455729,402.9938354,0.0001015107409,402.9938354,-6.113835116E-005,402.9938354,-8.831394371E-005,
401.9867249,80.19116211,401.9867249,0.004726527724,401.9867249,-2.842186404E-005,401.9867249,-2.158836105E-005,401.9867249,-9.022911399E-005,401.9867249,0.0003320108808,401.9867249,0.0002569165663,401.9867249,0.0002945009619,401.9867249,0.000653879717,401.9867249,0.0009290826856,401.9867249,0.0006182602956,401.9867249,-9.561223851E-005,401.9867249,-0.0001116059502,401.9867249,-5.151002188E-005,401.9867249,0.0003699126537,401.9867249,0.0003667518904,401.9867249,0.0003486686037,401.9867249,0.0001378905581,401.9867249,-5.052647248E-005,401.9867249,-4.017316314E-005,
401.0181885,80.22124481,401.0181885,0.00345546985,401.0181885,6.135017884E-006,401.0181885,-4.690284186E-005,401.0181885,2.164120815E-005,401.0181885,0.0003353527281,401.0181885,0.0002627443755,401.0181885,0.0003934378037,401.0181885,0.0008020921377,401.0181885,0.000976454292,401.0181885,0.0006940652966,401.0181885,9.8367791E-006,401.0181885,3.360128539E-005,401.0181885,1.49364605E-005,401.0181885,0.0004700068966,401.0181885,0.0003265966079,401.0181885,0.0003086963261,401.0181885,0.0001617656526,401.0181885,-6.010305879E-005,401.0181885,-8.965974121E-005,
400.0107422,80.25057983,400.0107422,0.006751966663,400.0107422,3.342007039E-005,400.0107422,-6.207011756E-005,400.0107422,9.785006114E-006,400.0107422,0.0004247115867,400.0107422,0.000356544333,400.0107422,0.0004841043556,400.0107422,0.000679364719,400.0107422,0.001037842711,400.0107422,0.0007147817523,400.0107422,7.375538553E-005,400.0107422,-9.281716484E-005,400.0107422,-5.17719343E-008,400.0107422,0.0004806058714,400.0107422,0.0004214986111,400.0107422,0.0004645650042,400.0107422,6.8655012E-005,400.0107422,-4.063906817E-005,400.0107422,-5.679010064E-005,
399.0031738,80.29208374,399.0031738,0.01513005514,399.0031738,-3.737772931E-005,399.0031738,2.614490768E-006,399.0031738,4.465558959E-005,399.0031738,0.0004918270279,399.0031738,0.0003811568895,399.0031738,0.0004571537429,399.0031738,0.0007580068777,399.0031738,0.001061378047,399.0031738,0.0008654790581,399.0031738,0.0001260052813,399.0031738,-6.626757113E-006,399.0031738,5.749654156E-005,399.0031738,0.0004958439386,399.0031738,0.0004842857597,399.0031738,0.0004324073088,399.0031738,4.380126848E-005,399.0031738,4.173018533E-005,399.0031738,-6.641831715E-005,
397.9954224,80.32285309,397.9954224,0.008131925017,397.9954224,-3.080321039E-005,397.9954224,-0.0001188003444,397.9954224,2.526544085E-005,397.9954224,0.000381726888,397.9954224,0.0003254567564,397.9954224,0.0004087505222,397.9954224,0.0006429395289,397.9954224,0.0009829922346,397.9954224,0.0006952320109,397.9954224,-3.71706592E-005,397.9954224,-3.494465273E-005,397.9954224,-3.639414717E-005,397.9954224,0.0003917795839,397.9954224,0.000384965475,397.9954224,0.0003945000644,397.9954224,5.653863627E-005,397.9954224,-3.825777458E-005,397.9954224,-4.778286893E-005,
396.9874878,80.34436798,396.9874878,0.00803280808,396.9874878,-8.971150237E-005,396.9874878,-0.000113728056,396.9874878,-8.670934039E-005,396.9874878,0.0003698090441,396.9874878,0.0003744724963,396.9874878,0.0003750942997,396.9874878,0.0006324662245,396.9874878,0.0009449332138,396.9874878,0.0007854689029,396.9874878,-3.308100713E-005,396.9874878,-9.954602137E-005,396.9874878,-8.427653665E-005,396.9874878,0.0004201253178,396.9874878,0.0003932823311,396.9874878,0.0004038535117,396.9874878,9.60216712E-005,396.9874878,-0.0001572546753,396.9874878,-0.0001469556591,
396.0181885,80.35642242,396.0181885,0.007986997254,396.0181885,-0.0001207153764,396.0181885,-0.0001104672629,396.0181885,-9.2868926E-005,396.0181885,0.0003917018475,396.0181885,0.000442176155,396.0181885,0.0003983346978,396.0181885,0.000737106835,396.0181885,0.001033379696,396.0181885,0.0008238252485,396.0181885,8.516567505E-006,396.0181885,-4.566044663E-005,396.0181885,-3.313277557E-005,396.0181885,0.0004770814849,396.0181885,0.0003981015179,396.0181885,0.0004573610495,396.0181885,5.884279381E-005,396.0181885,-6.46065746E-005,396.0181885,-0.0001074134852,
395.0099182,80.38021088,395.0099182,0.007004412822,395.0099182,-3.396106331E-005,395.0099182,-2.857716936E-005,395.0099182,-5.280416372E-005,395.0099182,0.0004836897133,395.0099182,0.0004307489726,395.0099182,0.0004371232935,395.0099182,0.0007377291913,395.0099182,0.001142970403,395.0099182,0.0008529513725,395.0099182,-3.282216858E-005,395.0099182,-4.612634439E-005,395.0099182,1.988087934E-005,395.0099182,0.0005248702946,395.0099182,0.0004944704124,395.0099182,0.0005158252898,395.0099182,8.597580745E-005,395.0099182,-9.116081492E-005,395.0099182,-3.623884186E-005,
394.0015259,80.44775391,394.0015259,0.008762233891,394.0015259,-6.057274277E-006,394.0015259,-5.658304144E-005,394.0015259,-6.553832645E-005,394.0015259,0.0004400772741,394.0015259,0.000435983151,394.0015259,0.0004101755912,394.0015259,0.0007640229887,394.0015259,0.001067424309,394.0015259,0.0008190013468,394.0015259,1.216642204E-006,394.0015259,3.067595753E-005,394.0015259,1.863793727E-006,394.0015259,0.000549544231,394.0015259,0.0004062113294,394.0015259,0.0004961808445,394.0015259,7.91406128E-005,394.0015259,-0.0001135727798,394.0015259,-4.809346501E-005,
392.992981,80.45307159,392.992981,0.004542944953,392.992981,2.992520967E-005,392.992981,-5.342535223E-005,392.992981,-2.847363248E-005,392.992981,0.0004854778235,392.992981,0.0004582162073,392.992981,0.0004147099389,392.992981,0.0008653752739,392.992981,0.001097163651,392.992981,0.0009211965953,392.992981,0.0001408425014,392.992981,7.582661783E-005,392.992981,-1.687732401E-005,392.992981,0.0006066469941,392.992981,0.0005003791885,392.992981,0.0005562831648,392.992981,4.131597234E-005,392.992981,-4.276151594E-005,392.992981,9.448481251E-006,
391.9842529,80.49897766,391.9842529,0.003912209999,391.9842529,-1.289102056E-005,391.9842529,-4.229561091E-005,391.9842529,-0.0001105707779,391.9842529,0.0005474188947,391.9842529,0.000446944061,391.9842529,0.0003786696761,391.9842529,0.0009197698673,391.9842529,0.001101653324,391.9842529,0.0008264447097,391.9842529,5.33024795E-005,391.9842529,-1.242508733E-005,391.9842529,1.814644202E-005,391.9842529,0.0005390731967,391.9842529,0.0005261661718,391.9842529,0.0005213973927,391.9842529,7.429908146E-005,391.9842529,-3.261619668E-006,391.9842529,-4.038023326E-005,
391.0141602,80.54254913,391.0141602,0.0125158187,391.0141602,-2.391797534E-005,391.0141602,-0.00016180893,391.0141602,-5.813599273E-005,391.0141602,0.0004260849091,391.0141602,0.0003732029872,391.0141602,0.0003804314474,391.0141602,0.000855700695,391.0141602,0.001006317092,391.0141602,0.0007502535591,391.0141602,-1.672201324E-005,391.0141602,1.035451078E-005,391.0141602,-5.906776278E-005,391.0141602,0.0004497426271,391.0141602,0.0004565059207,391.0141602,0.000475137902,391.0141602,1.760281521E-005,391.0141602,-0.0002496243105,391.0141602,-5.839481673E-005,
390.0051575,80.54064941,390.0051575,0.0004078602651,390.0051575,-4.591928155E-005,390.0051575,-0.000144678459,390.0051575,-0.0001145044298,390.0051575,0.0004908422707,390.0051575,0.0003242651292,390.0051575,0.0003743429552,390.0051575,0.0008377007325,390.0051575,0.001073055435,390.0051575,0.0007639192627,390.0051575,-4.162264304E-005,390.0051575,-3.975902655E-005,390.0051575,-5.435713319E-005,390.0051575,0.0006055841804,390.0051575,0.0004372010299,390.0051575,0.0004965436528,390.0051575,2.006208888E-005,390.0051575,-0.00019756853,390.0051575,-0.0001703480375,
388.9959717,80.5357666,388.9959717,0.007885844447,388.9959717,-0.0001094838444,388.9959717,-0.000172987362,388.9959717,-0.0001843207428,388.9959717,0.0003486945061,388.9959717,0.0003160273191,388.9959717,0.0003121416084,388.9959717,0.0008312686696,388.9959717,0.0009212744189,388.9959717,0.0007514463505,388.9959717,-0.0001029104169,388.9959717,-0.0001187485832,388.9959717,-0.0001062747833,388.9959717,0.0004864626098,388.9959717,0.0003956919245,388.9959717,0.00037626017,388.9959717,-0.0001311185188,388.9959717,-0.0002470889303,388.9959717,-0.0002027433511,
387.9866028,80.57404327,387.9866028,0.004501581192,387.9866028,2.021741238E-005,387.9866028,-6.999001926E-005,387.9866028,-2.495335684E-005,387.9866028,0.0005222008331,387.9866028,0.0005293021677,387.9866028,0.0005371811567,387.9866028,0.001019420102,387.9866028,0.001144994749,387.9866028,0.0009874807438,387.9866028,2.521366514E-005,387.9866028,4.859068213E-005,387.9866028,1.824999163E-005,387.9866028,0.0006719757221,387.9866028,0.0005868688459,387.9866028,0.000579066691,387.9866028,0.0001117899956,387.9866028,-4.607677965E-006,387.9866028,-3.603177174E-005,
387.0159302,80.60263062,387.0159302,0.009705910459,387.0159302,-6.569361722E-005,387.0159302,-8.199900913E-005,387.0159302,-9.048791981E-005,387.0159302,0.0004731943482,387.0159302,0.0004374601413,387.0159302,0.0004230791819,387.0159302,0.0009504330228,387.0159302,0.001003359328,387.0159302,0.0008925068541,387.0159302,-9.784786016E-006,387.0159302,-0.0001111918828,387.0159302,-2.495335684E-005,387.0159302,0.0005615188857,387.0159302,0.0005772522418,387.0159302,0.0005552464281,387.0159302,-4.581574831E-005,387.0159302,-0.0001316878333,387.0159302,-6.538303569E-005,
386.0062561,80.60220337,386.0062561,0.007425344549,386.0062561,-0.000125528808,386.0062561,-0.0001733496174,386.0062561,-0.0001209741677,386.0062561,0.0004551584425,386.0062561,0.0003859759308,386.0062561,0.0003270888119,386.0062561,0.0009554918506,386.0062561,0.0009879736463,386.0062561,0.0007303392049,386.0062561,-3.261509482E-005,386.0062561,-0.0001497503981,386.0062561,4.504182016E-006,386.0062561,0.000653827854,386.0062561,0.0005373885506,386.0062561,0.0005099162809,386.0062561,-0.0001052913576,386.0062561,-0.0002008804149,386.0062561,-0.0001249077177,
384.9964294,80.61629486,384.9964294,0.004579078406,384.9964294,1.092401635E-005,384.9964294,-7.77027235E-005,384.9964294,-7.998028013E-005,384.9964294,0.0004898574552,384.9964294,0.0005180282169,384.9964294,0.0004682188446,384.9964294,0.00109454256,384.9964294,0.001049986458,384.9964294,0.0009414569358,384.9964294,8.292066923E-005,384.9964294,8.180042641E-006,384.9964294,1.439283733E-005,384.9964294,0.0007098034839,384.9964294,0.0006553833955,384.9964294,0.0004999904195,384.9964294,5.612440509E-005,384.9964294,-0.0001093803294,384.9964294,-0.0001127963988,
383.9864502,80.62750244,383.9864502,0.009644131176,383.9864502,2.697401578E-005,383.9864502,4.012343652E-006,383.9864502,-2.531573955E-005,383.9864502,0.0005077134119,383.9864502,0.0005320494529,383.9864502,0.0005540541024,383.9864502,0.001113695092,383.9864502,0.001112293568,383.9864502,0.001004319289,383.9864502,4.21185141E-005,383.9864502,-1.837864875E-005,383.9864502,7.440264744E-005,383.9864502,0.0006573018618,383.9864502,0.0006472688983,383.9864502,0.000688724278,383.9864502,7.064855163E-005,383.9864502,-9.380061965E-005,383.9864502,-0.0001225268934,
383.0151978,80.64157104,383.0151978,0.01582381502,383.0151978,-8.463886479E-005,383.0151978,-3.59282385E-005,383.0151978,-0.0001362941257,383.0151978,0.0004271213547,383.0151978,0.0004413987917,383.0151978,0.0004321481974,383.0151978,0.001031122287,383.0151978,0.0009246207774,383.0151978,0.0008365336107,383.0151978,-5.46159572E-005,383.0151978,-5.694875654E-006,383.0151978,-8.406948473E-005,383.0151978,0.0006017995765,383.0151978,0.0005658215377,383.0151978,0.0005615447881,383.0151978,-5.953731943E-006,383.0151978,-0.0002327042748,383.0151978,-0.0001682262082,
382.0049133,80.62998962,382.0049133,0.003416400868,382.0049133,-2.288259384E-005,382.0049133,-5.347711704E-005,382.0049133,-0.0001034797751,382.0049133,0.0004682188446,382.0049133,0.0004803726333,382.0049133,0.0005334230955,382.0049133,0.001133185695,382.0049133,0.00104817003,382.0049133,0.0009648573468,382.0049133,1.227012217E-005,382.0049133,1.454815811E-005,382.0049133,-2.759356539E-005,382.0049133,0.0006621498615,382.0049133,0.0006583906943,382.0049133,0.0006312996848,382.0049133,2.164120815E-005,382.0049133,-0.0001575134374,382.0049133,-0.0001754196564,
380.9945068,80.63500214,380.9945068,0.009229036048,380.9945068,3.929667946E-005,380.9945068,-1.998350854E-005,380.9945068,2.200363087E-005,380.9945068,0.0005912754568,380.9945068,0.0005780039355,380.9945068,0.0006708868314,380.9945068,0.00120373338,380.9945068,0.001148187206,380.9945068,0.001130979741,380.9945068,1.726628398E-005,380.9945068,-1.656698828E-006,380.9945068,2.254726314E-005,380.9945068,0.0008365855319,380.9945068,0.0007645675214,380.9945068,0.0007305206964,380.9945068,-3.598000694E-005,380.9945068,-5.047470404E-005,380.9945068,-9.763089474E-005,
379.9838562,80.63404083,379.9838562,0.008567227051,379.9838562,0.0001234677329,379.9838562,5.117957335E-005,379.9838562,6.244144606E-005,379.9838562,0.0006106390501,379.9838562,0.0006717424258,379.9838562,0.000660646183,379.9838562,0.001323675038,379.9838562,0.001204823609,379.9838562,0.001152651384,379.9838562,0.0001169167663,379.9838562,0.0002053760545,379.9838562,0.0001021839344,379.9838562,0.0009350752225,379.9838562,0.0007974759792,379.9838562,0.0007184895803,379.9838562,0.0001774586708,379.9838562,6.557410961E-005,379.9838562,1.843120117E-005,
379.0120239,80.57717133,379.0120239,0.009263099171,379.0120239,-2.469451101E-005,379.0120239,2.819073416E-005,379.0120239,8.416343917E-005,379.0120239,0.0005468745949,379.0120239,0.0005330084241,379.0120239,0.000560819055,379.0120239,0.001184966299,379.0120239,0.001239452744,379.0120239,0.001064440119,379.0120239,6.818899419E-005,379.0120239,3.554288924E-005,379.0120239,7.888170512E-005,379.0120239,0.0008591762162,379.0120239,0.00068955397,379.0120239,0.0007242457941,379.0120239,9.004073218E-005,379.0120239,-7.873797585E-005,379.0120239,2.79569349E-006,
378.0011292,80.53450775,378.0011292,0.004844793584,378.0011292,-0.0001088109784,378.0011292,-7.568397268E-005,378.0011292,-0.0001102602255,378.0011292,0.0005259069731,378.0011292,0.0004851668491,378.0011292,0.0005663139746,378.0011292,0.001162566245,378.0011292,0.001192571595,378.0011292,0.001091480372,378.0011292,1.972555583E-005,378.0011292,-3.308100713E-005,378.0011292,3.841647776E-005,378.0011292,0.0008229693631,378.0011292,0.000685016741,378.0011292,0.0007417483139,378.0011292,8.01762435E-005,378.0011292,-8.086023445E-005,378.0011292,-0.0001494398603,
376.9900818,80.56967926,376.9900818,0.004697397351,376.9900818,-2.019100748E-006,376.9900818,-0.0001593247871,376.9900818,-8.810689906E-005,376.9900818,0.0005172765814,376.9900818,0.0005231079413,376.9900818,0.0005884499988,376.9900818,0.001141309272,376.9900818,0.001212974428,376.9900818,0.001042695018,376.9900818,-9.940097698E-006,376.9900818,2.236605178E-005,376.9900818,3.854591705E-005,376.9900818,0.0007218603278,376.9900818,0.0007029325352,376.9900818,0.0007879325422,376.9900818,3.145258961E-005,376.9900818,-0.0001479907514,376.9900818,-7.470048149E-005,
376.0177307,80.56401825,376.0177307,0.01111961156,376.0177307,-4.545338015E-005,376.0177307,-0.0001186450681,376.0177307,-4.679930862E-005,376.0177307,0.0005868429434,376.0177307,0.0006469059736,376.0177307,0.0005871280446,376.0177307,0.001206329209,376.0177307,0.001198671642,376.0177307,0.001069370541,376.0177307,0.0001766817877,376.0177307,9.37691002E-005,376.0177307,5.941235941E-005,376.0177307,0.0009263588581,376.0177307,0.0007504350506,376.0177307,0.0008308278047,376.0177307,4.349060328E-005,376.0177307,-0.0001702962763,376.0177307,-6.263952673E-005,
375.0064392,80.54176331,375.0064392,0.00147501321,375.0064392,-5.974070518E-005,375.0064392,-0.0001100531954,375.0064392,-3.934488996E-005,375.0064392,0.0005991814542,375.0064392,0.0005726643722,375.0064392,0.0006601536297,375.0064392,0.001164954156,375.0064392,0.001254068455,375.0064392,0.001116290339,375.0064392,9.288878937E-005,375.0064392,4.253272709E-005,375.0064392,0.0001292937668,375.0064392,0.0008613549871,375.0064392,0.0008055673097,375.0064392,0.0008514729561,375.0064392,4.571702448E-005,375.0064392,-3.064790508E-005,375.0064392,-0.000117040574,
373.9949036,80.51963806,373.9949036,0.007326276042,373.9949036,-9.784786016E-006,373.9949036,-7.418284804E-005,373.9949036,-4.711220754E-006,373.9949036,0.0005891498877,373.9949036,0.0005654845736,373.9949036,0.0007295613177,373.9949036,0.001210456481,373.9949036,0.001273435657,373.9949036,0.001124024275,373.9949036,6.360647967E-005,373.9949036,0.0001117382126,373.9949036,8.258409071E-005,373.9949036,0.0009278116049,373.9949036,0.0008874228224,373.9949036,0.0008943485445,373.9949036,9.565919026E-005,373.9949036,7.066926628E-006,373.9949036,-3.872368325E-005,
372.9832153,80.47323608,372.9832153,0.01375636924,372.9832153,1.786168468E-005,372.9832153,-0.0001148149749,372.9832153,-8.598467684E-005,372.9832153,0.0005354965106,372.9832153,0.0005220193998,372.9832153,0.0006872983067,372.9832153,0.001170872012,372.9832153,0.001239193138,372.9832153,0.001223825151,372.9832153,2.518777728E-005,372.9832153,8.03315852E-005,372.9832153,4.519925278E-005,372.9832153,0.0009182393551,372.9832153,0.0009441549191,372.9832153,0.0008663609042,372.9832153,-2.407328248E-005,372.9832153,-3.406459655E-005,372.9832153,-5.290769695E-005,
372.010376,80.42839813,372.010376,0.002400052734,372.010376,-0.0001142973924,372.010376,-0.000106171261,372.010376,-0.0001991727331,372.010376,0.0006631609867,372.010376,0.0005783408997,372.010376,0.0005802849773,372.010376,0.001123323455,372.010376,0.001292622066,372.010376,0.001261207741,372.010376,7.68363534E-005,372.010376,8.309475561E-006,372.010376,5.741887435E-005,372.010376,0.0009824214503,372.010376,0.0007470640703,372.010376,0.0008270930848,372.010376,4.651957715E-005,372.010376,-0.0001287377236,372.010376,-0.0001906341931,
370.9984131,80.40871429,370.9984131,0.01744472235,370.9984131,-4.44180514E-005,370.9984131,-9.090200911E-005,370.9984131,-8.505296137E-005,370.9984131,0.0006386361201,370.9984131,0.0006569647812,370.9984131,0.0006678016507,370.9984131,0.001238933532,370.9984131,0.001419704175,370.9984131,0.001245916821,370.9984131,0.0001445713133,370.9984131,0.0001093043102,370.9984131,9.283700638E-005,370.9984131,0.0008398015634,370.9984131,0.0008667499642,370.9984131,0.0009555437719,370.9984131,3.818348341E-005,370.9984131,-7.941089279E-005,370.9984131,-6.4503045E-005,
369.9862976,80.35865021,369.9862976,0.001347699785,369.9862976,-0.000126770974,369.9862976,-0.0001647588215,369.9862976,-0.0001557020732,369.9862976,0.000641721068,369.9862976,0.0006908762152,369.9862976,0.0006965024513,369.9862976,0.001260247198,369.9862976,0.001434871345,369.9862976,0.001296698232,369.9862976,0.0001945248368,369.9862976,0.0001026499958,369.9862976,1.659322334E-005,369.9862976,0.000993915135,369.9862976,0.0009131809347,369.9862976,0.001112449332,369.9862976,0.0001170462347,369.9862976,-0.0001054466338,369.9862976,6.083628614E-005,
369.01297,80.27886963,369.01297,0.002701908583,369.01297,-0.000154252979,369.01297,-0.00016936475,369.01297,-0.0001620676921,369.01297,0.0006294591003,369.01297,0.0006303404807,369.01297,0.0005358075141,369.01297,0.001234806026,369.01297,0.00133258116,369.01297,0.001337826136,369.01297,0.0001118158907,369.01297,-5.694875654E-006,369.01297,2.399695586E-005,369.01297,0.0009439992718,369.01297,0.0009124026983,369.01297,0.0009790746262,369.01297,-2.308966941E-005,369.01297,-8.24131057E-005,369.01297,5.234458149E-005,
368.0006104,80.17198181,368.0006104,0.01015950367,368.0006104,-8.696814621E-005,368.0006104,-5.394300752E-005,368.0006104,-0.0001247524488,368.0006104,0.000710373919,368.0006104,0.0006473985268,368.0006104,0.0006812314386,368.0006104,0.001391890459,368.0006104,0.001474064309,368.0006104,0.001330088475,368.0006104,0.0001846838713,368.0006104,0.0001559132797,368.0006104,0.0001852018177,368.0006104,0.001211728435,368.0006104,0.0010617933,368.0006104,0.001102405833,368.0006104,0.0001524692343,368.0006104,0.0001209560869,368.0006104,-4.757580245E-005,
366.9880371,80.12168121,366.9880371,0.0108497031,366.9880371,3.106317195E-007,366.9880371,5.746722763E-006,366.9880371,6.974239659E-005,366.9880371,0.0007825643988,366.9880371,0.0008255629218,366.9880371,0.0007776631974,366.9880371,0.001504039275,366.9880371,0.001530405483,366.9880371,0.001492791926,366.9880371,0.0003521660401,366.9880371,0.0003692649771,366.9880371,0.0001927120175,366.9880371,0.001118107,366.9880371,0.00113147276,366.9880371,0.001184836496,366.9880371,0.0001624648285,366.9880371,3.344595825E-005,366.9880371,9.058444994E-005,
366.0143127,80.04580688,366.0143127,0.01420809701,366.0143127,1.972555583E-005,366.0143127,-0.0001182310079,366.0143127,-0.0001315325644,366.0143127,0.0007301836158,366.0143127,0.000765812234,366.0143127,0.000737158698,366.0143127,0.001474661753,366.0143127,0.001508039539,366.0143127,0.001430300297,366.0143127,0.0002018539089,366.0143127,0.0001837774762,366.0143127,0.0001747913484,366.0143127,0.001100796857,366.0143127,0.001042980351,366.0143127,0.00106716482,366.0143127,0.0001265749452,366.0143127,-9.261012019E-005,366.0143127,2.218484224E-005,
365.0014954,79.9947052,365.0014954,0.01663420349,365.0014954,-3.106205259E-005,365.0014954,3.233277675E-005,365.0014954,-4.089790309E-005,365.0014954,0.000768483209,365.0014954,0.0007324913749,365.0014954,0.0008132957155,365.0014954,0.001522170729,365.0014954,0.001518715871,365.0014954,0.00151224772,365.0014954,0.0001922458614,365.0014954,0.0001590207248,365.0014954,0.0002740376513,365.0014954,0.001212688861,365.0014954,0.001082215924,365.0014954,0.001170223113,365.0014954,0.0001334885601,365.0014954,5.081712879E-005,365.0014954,2.187419341E-005,
363.9884949,79.94082642,363.9884949,0.002826495562,363.9884949,4.763044217E-006,363.9884949,-2.293436228E-005,363.9884949,-5.471949044E-005,363.9884949,0.0007609371096,363.9884949,0.0007336322451,363.9884949,0.000811584061,363.9884949,0.001583272591,363.9884949,0.001554876915,363.9884949,0.001668601064,363.9884949,0.0001957679196,363.9884949,0.0002648942173,363.9884949,0.0003194208548,363.9884949,0.001259753946,363.9884949,0.001211494789,363.9884949,0.001204979373,363.9884949,0.0001054722379,363.9884949,2.930390474E-005,363.9884949,6.826666504E-005,
363.0143127,79.83511353,363.0143127,0.006711319089,363.0143127,5.154202154E-005,363.0143127,3.525811917E-005,363.0143127,4.255861859E-005,363.0143127,0.0008992510848,363.0143127,0.0008495017537,363.0143127,0.0009036867996,363.0143127,0.001687415061,363.0143127,0.001765278284,363.0143127,0.001723823952,363.0143127,0.0002735973103,363.0143127,0.0003032564418,363.0143127,0.0004201771517,363.0143127,0.001331828069,363.0143127,0.00134745962,363.0143127,0.001385164447,363.0143127,0.0002301354543,363.0143127,0.0001616879599,363.0143127,0.00020257906,
362.0010376,79.84369659,362.0010376,0.007381903008,362.0010376,-1.019895171E-005,362.0010376,-6.087953079E-005,362.0010376,-4.669577538E-005,362.0010376,0.0008906651638,362.0010376,0.0008884344134,362.0010376,0.0008724822546,362.0010376,0.001681074267,362.0010376,0.001720965141,362.0010376,0.001725747134,362.0010376,0.0001939291978,362.0010376,0.0002339945204,362.0010376,0.0003234620672,362.0010376,0.001314639347,362.0010376,0.001308252104,362.0010376,0.001335619134,362.0010376,0.0001779507147,362.0010376,6.391715579E-005,362.0010376,8.807299309E-005,
360.9876099,79.84268951,360.9876099,0.01114288904,360.9876099,7.367771468E-005,360.9876099,-1.304633224E-005,360.9876099,-2.717941607E-005,360.9876099,0.000897487218,360.9876099,0.0008645452908,360.9876099,0.000926540466,360.9876099,0.00168658339,360.9876099,0.001761067659,360.9876099,0.001790438662,360.9876099,0.0002725612139,360.9876099,0.0003134109429,360.9876099,0.0003355340741,360.9876099,0.001354366774,360.9876099,0.001344317687,360.9876099,0.001389137702,360.9876099,0.0002156836708,360.9876099,8.341259672E-005,360.9876099,0.0001281285513,
360.013031,79.7874527,360.013031,0.007433402818,360.013031,-1.594546302E-005,360.013031,7.398839807E-005,360.013031,5.816966586E-005,360.013031,0.0009471901576,360.013031,0.000993084861,360.013031,0.001016254537,360.013031,0.001832237234,360.013031,0.001829273766,360.013031,0.001862340956,360.013031,0.0003893700195,360.013031,0.0002995521645,360.013031,0.0003265707055,360.013031,0.001463960507,360.013031,0.001416276093,360.013031,0.001491467236,360.013031,0.0002572791709,360.013031,0.0001835444127,360.013031,0.0001697674743,
358.9992981,79.67021179,358.9992981,0.007052332629,358.9992981,-4.31756489E-005,358.9992981,-6.201834913E-005,358.9992981,-1.004363912E-005,358.9992981,0.0008878118824,358.9992981,0.0008509542095,358.9992981,0.0009295237251,358.9992981,0.001776220743,358.9992981,0.001887403079,358.9992981,0.001801875653,358.9992981,0.0003132036945,358.9992981,0.0002267167001,358.9992981,0.0002892943739,358.9992981,0.001390254358,358.9992981,0.001411445555,358.9992981,0.001397785381,358.9992981,0.0001517700584,358.9992981,0.0001239855919,358.9992981,0.000165287478,
357.9854736,79.65552521,357.9854736,0.00462247571,357.9854736,3.342007039E-005,357.9854736,-1.796449033E-005,357.9854736,-9.059994227E-006,357.9854736,0.001038283808,357.9854736,0.0009858721169,357.9854736,0.0009541946929,357.9854736,0.001892784843,357.9854736,0.001988913864,357.9854736,0.001946840202,357.9854736,0.0002735973103,357.9854736,0.0003347827878,357.9854736,0.0002809277212,357.9854736,0.001464090426,357.9854736,0.00150159758,357.9854736,0.001517157303,357.9854736,0.0001650026243,357.9854736,0.0001196096418,357.9854736,0.0001595645299,
357.010437,79.64350128,357.010437,0.00458203489,357.010437,0.0001084498581,357.010437,-3.727563353E-006,357.010437,1.483291271E-005,357.010437,0.001055487664,357.010437,0.0009973399574,357.010437,0.00099238439,357.010437,0.001967278542,357.010437,0.001978876069,357.010437,0.002028104849,357.010437,0.0003913391265,357.010437,0.0003533318522,357.010437,0.0004143212864,357.010437,0.001571763423,357.010437,0.001507416135,357.010437,0.001503571752,357.010437,0.000200636714,357.010437,0.000189837403,357.010437,0.0001233123767,
355.9962769,79.5916748,355.9962769,0.008829320781,355.9962769,3.795048906E-005,355.9962769,-7.987675053E-005,355.9962769,-7.43381388E-005,355.9962769,0.0009575413424,355.9962769,0.0009919952136,355.9962769,0.001034391578,355.9962769,0.002047324553,355.9962769,0.002029613359,355.9962769,0.002041628817,355.9962769,0.0002564244205,355.9962769,0.0003835923271,355.9962769,0.0004089578288,355.9962769,0.001522092847,355.9962769,0.001585273189,355.9962769,0.001531366725,355.9962769,0.0001303295139,355.9962769,9.019608115E-005,355.9962769,0.0001596681104,
354.9820251,79.554039,354.9820251,0.001899461495,354.9820251,-1.030249314E-005,354.9820251,-7.563221152E-005,354.9820251,-5.880893877E-005,354.9820251,0.001021781238,354.9820251,0.001093789935,354.9820251,0.001024972764,354.9820251,0.002131651621,354.9820251,0.002000980312,354.9820251,0.002170309192,354.9820251,0.0003758715466,354.9820251,0.0002802801318,354.9820251,0.0003085926874,354.9820251,0.001600290183,354.9820251,0.001565294457,354.9820251,0.001586338389,354.9820251,0.0001909250859,354.9820251,0.000145943719,354.9820251,0.000152417444,
354.0065918,79.54793549,354.0065918,0.01401487552,354.0065918,4.354238263E-005,354.0065918,-1.672201324E-005,354.0065918,4.721857476E-005,354.0065918,0.001206432935,354.0065918,0.001087951008,354.0065918,0.001106272684,354.0065918,0.002203350188,354.0065918,0.002138779266,354.0065918,0.002173613058,354.0065918,0.0003677363857,354.0065918,0.0003300679382,354.0065918,0.0004525153199,354.0065918,0.001666548196,354.0065918,0.001593690948,354.0065918,0.001648358651,354.0065918,0.0002454683417,354.0065918,0.0001532460738,354.0065918,0.0001115828563,
352.9920349,79.5450058,352.9920349,0.005614429247,352.9920349,-2.728295294E-005,352.9920349,-9.525932001E-006,352.9920349,-7.371698302E-005,352.9920349,0.001004552818,352.9920349,0.001034158049,352.9920349,0.0011616837,352.9920349,0.002153607318,352.9920349,0.002105170861,352.9920349,0.002249429934,352.9920349,0.00020257906,352.9920349,0.0004023507354,352.9920349,0.0003929714148,352.9920349,0.001644357108,352.9920349,0.00166426145,352.9920349,0.001625570934,352.9920349,3.217744961E-005,352.9920349,3.779515828E-005,352.9920349,3.569821638E-005,
352.0163269,79.52481842,352.0163269,-0.0009169208352,352.0163269,5.925702499E-005,352.0163269,-4.747227285E-005,352.0163269,2.948511792E-005,352.0163269,0.001113513368,352.0163269,0.001148680341,352.0163269,0.001214505988,352.0163269,0.002441164572,352.0163269,0.002259525936,352.0163269,0.002308968687,352.0163269,0.0003612335713,352.0163269,0.0005124561139,352.0163269,0.0003607413091,352.0163269,0.001753374352,352.0163269,0.001829403802,352.0163269,0.001750255469,352.0163269,6.51080918E-005,352.0163269,9.581453924E-005,352.0163269,9.835192759E-005,
351.0014954,79.49607086,351.0014954,0.0005891415058,351.0014954,4.897901454E-005,351.0014954,3.008053682E-005,351.0014954,3.968500096E-005,351.0014954,0.001197036356,351.0014954,0.001140634529,351.0014954,0.001279562712,351.0014954,0.002382987179,351.0014954,0.002272536745,351.0014954,0.002355944365,351.0014954,0.0004032057477,351.0014954,0.0003744465939,351.0014954,0.0004413210554,351.0014954,0.00177107437,351.0014954,0.00176649983,351.0014954,0.001808062196,351.0014954,0.0001630086481,351.0014954,-8.076346603E-006,351.0014954,8.01762435E-005,
349.9864807,79.48232269,349.9864807,0.006390667055,349.9864807,-2.743826008E-005,349.9864807,1.964789408E-005,349.9864807,-0.0001361388568,349.9864807,0.00115934771,349.9864807,0.001219697762,349.9864807,0.001188755967,349.9864807,0.002388531342,349.9864807,0.002410343848,349.9864807,0.002449520864,349.9864807,0.0004067295231,349.9864807,0.0004747750936,349.9864807,0.0004207212769,349.9864807,0.001768631162,349.9864807,0.001761379535,349.9864807,0.001891744905,349.9864807,0.0001057052723,349.9864807,1.568717926E-005,349.9864807,-1.294296453E-006,
349.0104065,79.47011566,349.0104065,-0.008323545568,349.0104065,2.192596912E-005,349.0104065,3.940023089E-005,349.0104065,-5.02676412E-005,349.0104065,0.001161813503,349.0104065,0.001199398423,349.0104065,0.001380671863,349.0104065,0.002488935599,349.0104065,0.002629676135,349.0104065,0.002507472876,349.0104065,0.0003990860714,349.0104065,0.0004523080133,349.0104065,0.000396261923,349.0104065,0.00191215449,349.0104065,0.001874819864,349.0104065,0.001959295478,349.0104065,8.403398533E-005,349.0104065,0.0001699487475,349.0104065,4.814816748E-006,
347.9951477,79.43962097,347.9951477,0.004333721008,347.9951477,9.464941104E-005,347.9951477,4.069464921E-005,347.9951477,9.317359218E-005,347.9951477,0.001263518352,347.9951477,0.001316664508,347.9951477,0.001371297403,347.9951477,0.002705338178,347.9951477,0.002688094974,347.9951477,0.002596889157,347.9951477,0.0003933859698,347.9951477,0.0005804664106,347.9951477,0.0005626593484,347.9951477,0.001994530903,347.9951477,0.00193716737,347.9951477,0.001946268138,347.9951477,0.0001683690789,347.9951477,8.180736768E-005,347.9951477,0.0001571562607,
347.0187683,79.4021225,347.0187683,0.01073756348,347.0187683,-1.51689128E-005,347.0187683,0.0001698451524,347.0187683,-1.687732401E-005,347.0187683,0.00120331801,347.0187683,0.001357249101,347.0187683,0.001399889006,347.0187683,0.002784348326,347.0187683,0.002680463484,347.0187683,0.002676530508,347.0187683,0.0004264735617,347.0187683,0.0005019600503,347.0187683,0.0006000628346,347.0187683,0.00213451311,347.0187683,0.002072943375,347.0187683,0.002048494993,347.0187683,0.000212912506,347.0187683,0.000116191768,347.0187683,0.000126600833,
346.0032043,79.39372253,346.0032043,0.008468276821,346.0032043,0.0001025205347,346.0032043,-1.527245331E-005,346.0032043,-3.872368325E-005,346.0032043,0.001375374384,346.0032043,0.001387267956,346.0032043,0.001419833978,346.0032043,0.002852037782,346.0032043,0.002801777562,346.0032043,0.00281334552,346.0032043,0.0005185465561,346.0032043,0.0005698390887,346.0032043,0.0004963881802,346.0032043,0.002179102506,346.0032043,0.002100566868,346.0032043,0.002250418765,346.0032043,0.0001539711375,346.0032043,0.0001324010227,346.0032043,0.000195327666,
344.9874878,79.3624649,344.9874878,0.002698363503,344.9874878,-0.0001248559565,344.9874878,-5.855011477E-005,344.9874878,-0.0001013058645,344.9874878,0.00127231935,344.9874878,0.001304097823,344.9874878,0.001346628647,344.9874878,0.002799094189,344.9874878,0.002685542451,344.9874878,0.002843022346,344.9874878,0.0004581125395,344.9874878,0.0004302307498,344.9874878,0.0003577360767,344.9874878,0.002036089078,344.9874878,0.001975937746,344.9874878,0.002004621085,344.9874878,2.174475776E-005,344.9874878,-5.839481673E-005,344.9874878,-8.458710363E-005,
344.0107422,79.37137604,344.0107422,0.01097552478,344.0107422,-7.759920118E-005,344.0107422,-0.0001043079246,344.0107422,-0.0001827682427,344.0107422,0.001347096055,344.0107422,0.001339799608,344.0107422,0.00134919933,344.0107422,0.002829994541,344.0107422,0.002896805294,344.0107422,0.00290772412,344.0107422,0.0004479805648,344.0107422,0.0004093205498,344.0107422,0.0004472291039,344.0107422,0.002130324952,344.0107422,0.002070498653,344.0107422,0.002106757602,344.0107422,1.392687409E-005,344.0107422,-7.692628424E-005,344.0107422,7.077800547E-005,
342.9947815,79.39103699,342.9947815,0.005783221684,342.9947815,9.363963909E-005,342.9947815,-4.141753038E-007,342.9947815,1.910426545E-005,342.9947815,0.001485804678,342.9947815,0.001670186175,342.9947815,0.001564619015,342.9947815,0.003243139945,342.9947815,0.003084654454,342.9947815,0.003127281787,342.9947815,0.0005845619016,342.9947815,0.0005073506036,342.9947815,0.0005270473775,342.9947815,0.002353732241,342.9947815,0.002418309217,342.9947815,0.002385928296,342.9947815,8.636417624E-005,342.9947815,0.0001333332038,342.9947815,9.661717922E-005,
342.0177612,79.37620544,342.0177612,-0.0002890273754,342.0177612,-6.186305836E-005,342.0177612,-8.655404963E-005,342.0177612,-6.315716746E-005,342.0177612,0.001438871026,342.0177612,0.001347901067,342.0177612,0.001420872868,342.0177612,0.003201179206,342.0177612,0.003019743832,342.0177612,0.003089607926,342.0177612,0.0004792323743,342.0177612,0.0005372589221,342.0177612,0.0005142961745,342.0177612,0.002231918508,342.0177612,0.002306054113,342.0177612,0.002299938584,342.0177612,6.30110153E-005,342.0177612,-2.293436228E-005,342.0177612,1.252898983E-005,
341.0014954,79.373909,341.0014954,-0.006232582498,341.0014954,-9.820026025E-005,341.0014954,5.371670704E-005,341.0014954,-0.0001078793139,341.0014954,0.001475103316,341.0014954,0.001637107576,341.0014954,0.001521079801,341.0014954,0.003301041201,341.0014954,0.003179613501,341.0014954,0.00324906013,341.0014954,0.0004998349468,341.0014954,0.0004721318546,341.0014954,0.0004006147501,341.0014954,0.002372471849,341.0014954,0.002402925398,341.0014954,0.002442335943,341.0014954,8.387134585E-006,341.0014954,1.004387195E-005,341.0014954,2.174475776E-005,
339.9851379,79.34700775,339.9851379,0.01169392373,339.9851379,6.05735886E-006,339.9851379,-2.614404184E-005,339.9851379,-5.756657629E-005,339.9851379,0.001542251324,339.9851379,0.001513988129,339.9851379,0.001610682928,339.9851379,0.003378907451,339.9851379,0.003430017037,339.9851379,0.003316535149,339.9851379,0.0005590824294,339.9851379,0.0005626074853,339.9851379,0.0005250517279,339.9851379,0.002582540736,339.9851379,0.002524422482,339.9851379,0.002600040054,339.9851379,0.0001245552558,339.9851379,3.065006968E-005,339.9851379,0.0001359226007,
339.0077209,79.34798431,339.0077209,0.0262081679,339.0077209,8.147078188E-005,339.0077209,1.278785658E-005,339.0077209,-2.743826008E-005,339.0077209,0.001714364043,339.0077209,0.001682607457,339.0077209,0.00161852967,339.0077209,0.003624127014,339.0077209,0.003586122999,339.0077209,0.003387177363,339.0077209,0.0006126609514,339.0077209,0.00073868857,339.0077209,0.000637028832,339.0077209,0.002657881938,339.0077209,0.002747120801,339.0077209,0.002779867267,339.0077209,0.0001206971574,339.0077209,0.0001363110059,339.0077209,0.0002169786021,
337.9910583,79.34356689,337.9910583,0.01164995041,337.9910583,-0.000106740612,337.9910583,-3.877544805E-005,337.9910583,-3.908605504E-005,337.9910583,0.001633521868,337.9910583,0.001734687481,337.9910583,0.001743653906,337.9910583,0.003627990372,337.9910583,0.003590325126,337.9910583,0.003559266217,337.9910583,0.0005512807984,337.9910583,0.0006000109715,337.9910583,0.0006029919605,337.9910583,0.002849692712,337.9910583,0.002699790057,337.9910583,0.002799354726,337.9910583,2.844961091E-005,337.9910583,3.106327313E-006,337.9910583,9.382088319E-005,
337.0133667,79.35183716,337.0133667,-0.0005522146821,337.0133667,-8.971150237E-005,337.0133667,-5.63759786E-005,337.0133667,-0.0001000636257,337.0133667,0.001598939183,337.0133667,0.001680970308,337.0133667,0.001772036077,337.0133667,0.003781817155,337.0133667,0.003816208337,337.0133667,0.003724843729,337.0133667,0.0005074542714,337.0133667,0.0005680246977,337.0133667,0.0005016490468,337.0133667,0.002917236183,337.0133667,0.002851360245,337.0133667,0.00297960313,337.0133667,9.842960571E-005,337.0133667,0.0001135765924,337.0133667,7.559360529E-005,
335.99646,79.3684082,335.99646,0.005740677938,335.99646,7.844156789E-005,335.99646,0.0001054204549,335.99646,3.507690417E-005,335.99646,0.00174043118,335.99646,0.001842011698,335.99646,0.001837306423,335.99646,0.004112447146,335.99646,0.003993143793,335.99646,0.003959417343,335.99646,0.0006499391748,335.99646,0.0007566066342,335.99646,0.0007664864534,335.99646,0.003096021479,335.99646,0.003154502949,335.99646,0.003152521327,335.99646,0.0001993159094,335.99646,0.0001372690895,335.99646,0.00019258252,
335.0185242,79.34172821,335.0185242,0.007632034365,335.0185242,-5.394300752E-005,335.0185242,-6.766065053E-005,335.0185242,-1.30981025E-005,335.0185242,0.001855139853,335.0185242,0.001845937106,335.0185242,0.001800368074,335.0185242,0.004044116475,335.0185242,0.004044456407,335.0185242,0.003969240002,335.0185242,0.0006247669808,335.0185242,0.0006431728252,335.0185242,0.0006554611609,335.0185242,0.003129941411,335.0185242,0.003173746401,335.0185242,0.003208220238,335.0185242,8.742571663E-005,335.0185242,5.850622983E-005,335.0185242,0.0001836738957,
334.0013123,79.35386658,334.0013123,0.002331589349,334.0013123,9.690198931E-005,334.0013123,0.0001262642181,334.0013123,6.176831084E-005,334.0013123,0.001987769734,334.0013123,0.001976327738,334.0013123,0.00200620736,334.0013123,0.004445604514,334.0013123,0.004318025894,334.0013123,0.00421432266,334.0013123,0.0007743179449,334.0013123,0.0007871285779,334.0013123,0.0008228396764,334.0013123,0.003411910264,334.0013123,0.003438888351,334.0013123,0.003460179549,334.0013123,0.000183596203,334.0013123,0.0001543336693,334.0013123,0.0001704925671,
332.9840088,79.36749268,332.9840088,0.0101298932,332.9840088,-5.694875654E-006,332.9840088,-1.418527881E-005,332.9840088,1.726628398E-005,332.9840088,0.002069015987,332.9840088,0.002077157144,332.9840088,0.00200987421,332.9840088,0.004558413755,332.9840088,0.004419479053,332.9840088,0.004418485332,332.9840088,0.0007306503248,332.9840088,0.0008187679341,332.9840088,0.000737054972,332.9840088,0.003564825282,332.9840088,0.003570019035,332.9840088,0.003706828924,332.9840088,0.0001776399586,332.9840088,0.0001160364118,332.9840088,9.899922588E-005,
332.0056763,79.35095215,332.0056763,0.007676128764,332.0056763,-9.028087516E-005,332.0056763,-7.951441512E-005,332.0056763,-0.0001311185188,332.0056763,0.001997729531,332.0056763,0.002046154113,332.0056763,0.001983010909,332.0056763,0.004651419353,332.0056763,0.004545465112,332.0056763,0.004555327352,332.0056763,0.0006175084854,332.0056763,0.0006840315182,332.0056763,0.000681620324,332.0056763,0.003745391965,332.0056763,0.003688710276,332.0056763,0.003747402458,332.0056763,0.0001076730914,332.0056763,4.219617767E-005,332.0056763,9.972419502E-005,
330.9880676,79.360672,330.9880676,-0.001570162713,330.9880676,-1.801626058E-005,330.9880676,2.143411075E-005,330.9880676,4.131597234E-005,330.9880676,0.002044307534,330.9880676,0.002090058289,330.9880676,0.002137270523,330.9880676,0.004843432456,330.9880676,0.00482571125,330.9880676,0.004719400778,330.9880676,0.0007719321875,330.9880676,0.0007830312243,330.9880676,0.0008781626821,330.9880676,0.004050413612,330.9880676,0.003908793908,330.9880676,0.00392927276,330.9880676,7.510168507E-005,330.9880676,0.0002020351967,330.9880676,0.0001946802222,
330.009491,79.34253693,330.009491,0.007723001763,330.009491,-2.226136166E-005,330.009491,-1.506537228E-005,330.009491,-3.442697198E-005,330.009491,0.002049847273,330.009491,0.002175356261,330.009491,0.002184305806,330.009491,0.004907359369,330.009491,0.004895055201,330.009491,0.004846547265,330.009491,0.0007961533265,330.009491,0.0007278759149,330.009491,0.0007648786996,330.009491,0.004029458854,330.009491,0.004023502115,330.009491,0.004120783415,330.009491,1.004387195E-005,330.009491,5.040290489E-005,330.009491,5.190446973E-005,
328.9916382,79.34986115,328.9916382,0.01543632522,328.9916382,-6.326069706E-005,328.9916382,-4.938761776E-005,328.9916382,2.692224189E-005,328.9916382,0.002235925524,328.9916382,0.002266161377,328.9916382,0.002175382338,328.9916382,0.005223835353,328.9916382,0.005194310099,328.9916382,0.005064494908,328.9916382,0.0007770148804,328.9916382,0.0008642080938,328.9916382,0.0008636374841,328.9916382,0.004381666426,328.9916382,0.004272196908,328.9916382,0.004372122698,328.9916382,0.0001273258531,328.9916382,0.0001862117933,328.9916382,0.0002478770912,
328.0127869,79.32252502,328.0127869,0.007985344157,328.0127869,-0.0001444714435,328.0127869,-8.267191151E-005,328.0127869,-0.0001073617241,328.0127869,0.002234104322,328.0127869,0.002205223544,328.0127869,0.00223537907,328.0127869,0.005267092492,328.0127869,0.005363971461,328.0127869,0.005192764103,328.0127869,0.0006655979669,328.0127869,0.0007494497113,328.0127869,0.0007562176324,328.0127869,0.00440180162,328.0127869,0.004346210975,328.0127869,0.00442329701,328.0127869,1.726628398E-005,328.0127869,9.344935279E-006,328.0127869,0.0001493100426,
326.9946899,79.32509613,326.9946899,0.008217569441,326.9946899,-9.474160834E-006,326.9946899,-3.194210876E-005,326.9946899,8.645999515E-006,326.9946899,0.002428643405,326.9946899,0.00240321178,326.9946899,0.002388531342,326.9946899,0.005742732435,326.9946899,0.005586164538,326.9946899,0.005483101588,326.9946899,0.000838997541,326.9946899,0.0008206611383,326.9946899,0.0008383491659,326.9946899,0.004619447514,326.9946899,0.004678134341,326.9946899,0.004681666847,326.9946899,0.0001026241007,326.9946899,7.996911881E-005,326.9946899,0.0001626202138,
326.0155945,79.31412506,326.0155945,0.01243505534,326.0155945,-6.786770246E-005,326.0155945,-5.342535223E-005,326.0155945,7.248131624E-006,326.0155945,0.002380592516,326.0155945,0.002411411144,326.0155945,0.002443559468,326.0155945,0.005790107418,326.0155945,0.005803512875,326.0155945,0.005687153433,326.0155945,0.0008122064755,326.0155945,0.0008004842675,326.0155945,0.0007916149916,326.0155945,0.004705871455,326.0155945,0.004757059272,326.0155945,0.004757975228,326.0155945,3.849414134E-005,326.0155945,0.0001445713133,326.0155945,0.0001222507417,
324.9972229,79.26872253,324.9972229,0.005804862361,324.9972229,3.474035839E-005,324.9972229,-5.704892828E-005,324.9972229,-5.383947791E-005,324.9972229,0.002590509132,324.9972229,0.002521766583,324.9972229,0.00247930293,324.9972229,0.006025169976,324.9972229,0.006091476418,324.9972229,0.006002256181,324.9972229,0.0008105207235,324.9972229,0.0009166828822,324.9972229,0.000899303006,324.9972229,0.004997009411,324.9972229,0.004947181325,324.9972229,0.004870133009,324.9972229,9.542616317E-005,324.9972229,4.154896669E-005,324.9972229,0.0001004232836,
324.0178833,79.29022217,324.0178833,0.008585703559,324.0178833,1.509178219E-005,324.0178833,5.071357373E-005,324.0178833,-4.053553494E-005,324.0178833,0.002612279728,324.0178833,0.002581238514,324.0178833,0.002686323831,324.0178833,0.006302958354,324.0178833,0.006319216453,324.0178833,0.006203506608,324.0178833,0.0007749662036,324.0178833,0.0009481240995,324.0178833,0.000936605793,324.0178833,0.005113262683,324.0178833,0.005125678144,324.0178833,0.005059230607,324.0178833,0.0001267562038,324.0178833,8.312780119E-005,324.0178833,0.0001773550903,
322.9992371,79.28184509,322.9992371,0.01403244119,322.9992371,-1.201092346E-005,322.9992371,-1.993173828E-005,322.9992371,3.129726247E-005,322.9992371,0.002793232212,322.9992371,0.00275157555,322.9992371,0.002700701822,322.9992371,0.006584682502,322.9992371,0.006652993616,322.9992371,0.006460599601,322.9992371,0.0008056710358,322.9992371,0.0008314761799,322.9992371,0.0009252174641,322.9992371,0.005227215122,322.9992371,0.005217259284,322.9992371,0.005146135576,322.9992371,6.541876792E-005,322.9992371,8.877205983E-005,322.9992371,0.000148559091,
321.9804688,79.24515533,321.9804688,0.009278974496,321.9804688,6.09916242E-005,321.9804688,-2.127774496E-005,321.9804688,4.846123556E-005,321.9804688,0.002822099952,321.9804688,0.002804826014,321.9804688,0.00283984351,321.9804688,0.006947754882,321.9804688,0.006898412481,321.9804688,0.006729175802,321.9804688,0.000841694884,321.9804688,0.0008411502349,321.9804688,0.0008596430998,321.9804688,0.005268795416,321.9804688,0.005370261148,321.9804688,0.005349872168,321.9804688,1.969966797E-005,321.9804688,0.0001426810049,321.9804688,0.0001310027583,
321.0007629,79.21874237,321.0007629,0.009226751514,321.0007629,1.760249461E-006,321.0007629,-3.862014637E-005,321.0007629,4.763044217E-006,321.0007629,0.00289954152,321.0007629,0.002963573905,321.0007629,0.002861392219,321.0007629,0.007141917478,321.0007629,0.00716457516,321.0007629,0.007027803455,321.0007629,0.0009393296787,321.0007629,0.0009763764683,321.0007629,0.001010416658,321.0007629,0.005501740612,321.0007629,0.005478383042,321.0007629,0.00551193906,321.0007629,0.0001311581145,321.0007629,0.0001351457759,321.0007629,0.0002112290822,
319.9817505,79.17380524,319.9817505,0.02131278813,319.9817505,4.046165486E-005,319.9817505,3.313416528E-006,319.9817505,-0.0001277025876,319.9817505,0.002954790834,319.9817505,0.003036348615,319.9817505,0.002954035066,319.9817505,0.007350489032,319.9817505,0.007406491786,319.9817505,0.0073158429,319.9817505,0.0009988447418,319.9817505,0.00087912241,319.9817505,0.0009969766252,319.9817505,0.005522950087,319.9817505,0.005606617313,319.9817505,0.005563484039,319.9817505,5.814377801E-005,319.9817505,0.0001093819883,319.9817505,0.0001010964697,
319.0018005,79.16252136,319.0018005,0.003057332709,319.0018005,-3.354691944E-005,319.0018005,-2.308966941E-005,319.0018005,-7.345816266E-005,319.0018005,0.002987813437,319.0018005,0.003021959448,319.0018005,0.003081004601,319.0018005,0.007622171659,319.0018005,0.007646830752,319.0018005,0.007548993453,319.0018005,0.0009262550739,319.0018005,0.0009617182077,319.0018005,0.0009718621732,319.0018005,0.005611599889,319.0018005,0.005710443947,319.0018005,0.005647526123,319.0018005,7.468744298E-005,319.0018005,8.587224875E-005,319.0018005,8.123776934E-005,
317.9824829,79.12838745,317.9824829,0.00503793126,317.9824829,5.558073099E-005,317.9824829,-2.707587919E-005,317.9824829,-3.831106369E-006,317.9824829,0.003169235308,317.9824829,0.003200136125,317.9824829,0.003173329402,317.9824829,0.008037872612,317.9824829,0.008132971823,317.9824829,0.007844284177,317.9824829,0.001002087956,317.9824829,0.001079205656,317.9824829,0.001049000421,317.9824829,0.005866505671,317.9824829,0.005854279269,317.9824829,0.005822979379,317.9824829,0.0001621799893,317.9824829,0.000155188216,317.9824829,0.0001757495047,
317.0023193,79.06118011,317.0023193,0.006289011799,317.0023193,-3.624020337E-006,317.0023193,-5.963717558E-005,317.0023193,-8.153314411E-005,317.0023193,0.003268568544,317.0023193,0.003272480797,317.0023193,0.003113776213,317.0023193,0.008199257776,317.0023193,0.008368778042,317.0023193,0.008200339042,317.0023193,0.000999493408,317.0023193,0.001028501545,317.0023193,0.001031848718,317.0023193,0.005885502789,317.0023193,0.005996875931,317.0023193,0.00591895869,317.0023193,8.566511679E-005,317.0023193,0.0001279214048,317.0023193,0.0001173051642,
315.9827881,78.97129822,315.9827881,0.009065537713,315.9827881,7.222245131E-006,315.9827881,1.299495034E-005,315.9827881,-1.775741111E-005,315.9827881,0.003320708638,315.9827881,0.003281140001,315.9827881,0.003324099584,315.9827881,0.008621057495,315.9827881,0.008663201705,315.9827881,0.008510038257,315.9827881,0.001104170573,315.9827881,0.001150860568,315.9827881,0.001077233348,315.9827881,0.00604372751,315.9827881,0.006020524073,315.9827881,0.005973648746,315.9827881,0.000160315496,315.9827881,0.0001402987255,315.9827881,0.0001020285854,
315.0023499,78.93574524,315.0023499,0.006412379909,315.0023499,-1.915519351E-005,315.0023499,-2.78524094E-005,315.0023499,-2.816302003E-005,315.0023499,0.003355350578,315.0023499,0.003407918382,315.0023499,0.003404213581,315.0023499,0.008817607537,315.0023499,0.008937899955,315.0023499,0.008757354692,315.0023499,0.001008548541,315.0023499,0.001093556406,315.0023499,0.001093426603,315.0023499,0.006108750124,315.0023499,0.00615619123,315.0023499,0.00609444268,315.0023499,9.93099311E-005,315.0023499,0.0001028830229,315.0023499,0.000116139985,
313.9825439,78.92615509,313.9825439,0.00404563453,313.9825439,-1.138967673E-005,313.9825439,2.886381299E-005,313.9825439,-1.330518353E-005,313.9825439,0.003559083445,313.9825439,0.003419424174,313.9825439,0.003478314728,313.9825439,0.009246776812,313.9825439,0.009333889,313.9825439,0.009075327776,313.9825439,0.001073340885,313.9825439,0.001083695097,313.9825439,0.001155739999,313.9825439,0.006217659917,313.9825439,0.006296865176,313.9825439,0.006261278875,313.9825439,5.568428605E-005,313.9825439,0.0001315465197,313.9825439,0.0001259793935,
313.0018616,78.81912231,313.0018616,0.01436903514,313.0018616,-4.214031287E-005,313.0018616,-2.935369594E-005,313.0018616,-0.0001101049493,313.0018616,0.00355190644,313.0018616,0.003582077334,313.0018616,0.003624257632,313.0018616,0.009487925097,313.0018616,0.009688812308,313.0018616,0.009466944262,313.0018616,0.001098746667,313.0018616,0.001152833109,313.0018616,0.001122467103,313.0018616,0.006358143408,313.0018616,0.006354360841,313.0018616,0.006365314592,313.0018616,0.0001265749452,313.0018616,8.475893264E-005,313.0018616,0.0002018539089,
311.9818115,78.74986267,311.9818115,0.00451230444,311.9818115,-7.666747115E-005,311.9818115,-5.32700542E-005,311.9818115,-6.999001926E-005,311.9818115,0.003752807155,311.9818115,0.003675631015,311.9818115,0.003724399721,311.9818115,0.01000635605,311.9818115,0.0101113189,311.9818115,0.00990562886,311.9818115,0.001290674787,311.9818115,0.001401836635,311.9818115,0.001395993517,311.9818115,0.00663288543,311.9818115,0.00663701212,311.9818115,0.006610886194,311.9818115,0.0001743252069,311.9818115,9.651361324E-005,311.9818115,8.035748033E-005,
311.000885,78.66643524,311.000885,0.005899388809,311.000885,-0.0001393994462,311.000885,-0.0001194731958,311.000885,-8.267191151E-005,311.000885,0.003799704369,311.000885,0.00376698561,311.000885,0.003788841423,311.000885,0.01018689107,311.000885,0.01037611905,311.000885,0.01014894433,311.000885,0.001622738782,311.000885,0.001569762942,311.000885,0.001569165499,311.000885,0.006935260724,311.000885,0.006932788529,311.000885,0.006924950518,311.000885,5.022168261E-005,311.000885,-1.884457561E-005,311.000885,4.747746061E-005,
309.9806213,78.60475922,309.9806213,0.009405273013,309.9806213,-2.604050314E-005,309.9806213,-1.832687849E-005,309.9806213,-6.191481953E-005,309.9806213,0.003847155254,309.9806213,0.003841644619,309.9806213,0.003881473327,309.9806213,0.01051373687,309.9806213,0.01070836,309.9806213,0.01045547612,309.9806213,0.001283431193,309.9806213,0.001329309423,309.9806213,0.001357534667,309.9806213,0.006691319402,309.9806213,0.006780418567,309.9806213,0.006709984504,309.9806213,9.446817421E-005,309.9806213,0.0001364404889,309.9806213,0.0001491805742,
308.9994507,78.51821136,308.9994507,0.009505798109,308.9994507,-0.0001189556206,308.9994507,-8.298248576E-005,308.9994507,-0.0001073617241,308.9994507,0.00385820237,308.9994507,0.003871783614,308.9994507,0.003841043916,308.9994507,0.01079589874,308.9994507,0.01096832007,308.9994507,0.0106577659,308.9994507,0.001154078869,308.9994507,0.001220684149,308.9994507,0.001142632915,308.9994507,0.006670710165,308.9994507,0.006720763166,308.9994507,0.006656042766,308.9994507,8.457769582E-005,308.9994507,8.22992879E-005,308.9994507,0.0001156480139,
308.018158,78.47720337,308.018158,0.009568947367,308.018158,0.0001173569472,308.018158,8.154845273E-005,308.018158,6.145763473E-005,308.018158,0.004016290884,308.018158,0.004100818653,308.018158,0.004041164182,308.018158,0.01127580274,308.018158,0.0114431791,308.018158,0.01115342602,308.018158,0.001309005078,308.018158,0.001303007361,308.018158,0.001257521333,308.018158,0.00683429651,308.018158,0.006895782426,308.018158,0.006824908778,308.018158,0.0002102190483,308.018158,0.0001560686505,308.018158,0.0002339168277,
306.9974976,78.36832428,306.9974976,0.008511894383,306.9974976,-2.966430657E-005,306.9974976,-2.614404184E-005,306.9974976,-1.107905337E-005,306.9974976,0.004197986331,306.9974976,0.00410431996,306.9974976,0.004117882811,306.9974976,0.01166071463,306.9974976,0.01183888037,306.9974976,0.01153982431,306.9974976,0.001261207741,306.9974976,0.001281561912,306.9974976,0.001335411333,306.9974976,0.006875005551,306.9974976,0.006939180195,306.9974976,0.006860725582,306.9974976,0.0001456329919,306.9974976,0.0001690941717,306.9974976,0.0001310027583,
306.0159912,78.31932068,306.0159912,0.009705245495,306.0159912,2.513600339E-005,306.0159912,-2.604050314E-005,306.0159912,8.82720451E-006,306.0159912,0.004204128869,306.0159912,0.004258707631,306.0159912,0.004276928492,306.0159912,0.01197648421,306.0159912,0.01215608418,306.0159912,0.01184029039,306.0159912,0.001461570966,306.0159912,0.001444403082,306.0159912,0.001407913631,306.0159912,0.007159390952,306.0159912,0.007172075566,306.0159912,0.007146022748,306.0159912,0.0001511226874,306.0159912,0.0001446489914,306.0159912,0.0002151138906,
304.9950867,78.25649261,304.9950867,0.00975856185,304.9950867,-1.035437549E-006,304.9950867,-7.407932571E-005,304.9950867,9.474368198E-006,304.9950867,0.004399918485,304.9950867,0.00433468027,304.9950867,0.004342131782,304.9950867,0.01243036427,304.9950867,0.0126034366,304.9950867,0.01228369586,304.9950867,0.001536847907,304.9950867,0.001539004152,304.9950867,0.001536224503,304.9950867,0.00729380874,304.9950867,0.007275698241,304.9950867,0.007310104091,304.9950867,0.0001190917828,304.9950867,0.0001585028222,304.9950867,0.0001294750255,
304.0133362,78.17640686,304.0133362,0.0142421592,304.0133362,1.656705081E-006,304.0133362,1.245132898E-005,304.0133362,-2.412505273E-005,304.0133362,0.004300744738,304.0133362,0.004349348135,304.0133362,0.004361506552,304.0133362,0.01263640169,304.0133362,0.01281686127,304.0133362,0.01253772713,304.0133362,0.001343434793,304.0133362,0.001358884969,304.0133362,0.001338760951,304.0133362,0.007189102937,304.0133362,0.007163127884,304.0133362,0.007257272024,304.0133362,0.0001040740608,304.0133362,0.0001124632035,304.0133362,0.0001227427128,
302.9921875,78.06800842,302.9921875,0.007820986211,302.9921875,-0.0001373292325,302.9921875,-9.700977535E-005,302.9921875,-0.0001064300595,302.9921875,0.004414065741,302.9921875,0.004406691529,302.9921875,0.004394113552,302.9921875,0.01307766046,302.9921875,0.01324802823,302.9921875,0.01288261265,302.9921875,0.00123327435,302.9921875,0.001244722633,302.9921875,0.001236726996,302.9921875,0.007203972898,302.9921875,0.007245585322,302.9921875,0.007298994809,302.9921875,0.0001402210328,302.9921875,9.747160948E-005,302.9921875,7.103690587E-005,
302.0102234,78.03504181,302.0102234,0.008776952513,302.0102234,7.222245131E-006,302.0102234,-3.50999544E-005,302.0102234,-1.201092346E-005,302.0102234,0.004585620016,302.0102234,0.00458724238,302.0102234,0.00462808134,302.0102234,0.01358421054,302.0102234,0.01370454859,302.0102234,0.01339555625,302.0102234,0.001332165673,302.0102234,0.001383346622,302.0102234,0.001378360786,302.0102234,0.007379950956,302.0102234,0.007420974318,302.0102234,0.007363679353,302.0102234,0.0001803850027,302.0102234,0.0001957938221,302.0102234,0.0002139484423,
300.9888611,77.96634674,300.9888611,0.01029895805,300.9888611,-4.9491151E-005,300.9888611,4.78893071E-006,300.9888611,-3.453050886E-005,300.9888611,0.004704144318,300.9888611,0.004737771582,300.9888611,0.004732040223,300.9888611,0.01392057352,300.9888611,0.01405458711,300.9888611,0.01364914421,300.9888611,0.001375971711,300.9888611,0.001341383555,300.9888611,0.001394928782,300.9888611,0.007525288034,300.9888611,0.007522074971,300.9888611,0.007455312647,300.9888611,0.0001706738403,300.9888611,0.0001218105608,300.9888611,0.0001590725151,
300.0066223,77.92558289,300.0066223,0.004527857527,300.0066223,3.634542009E-005,300.0066223,5.022168261E-005,300.0066223,4.846123556E-005,300.0066223,0.004844636656,300.0066223,0.004899479449,300.0066223,0.004884504713,300.0066223,0.01438735519,300.0066223,0.01452606265,300.0066223,0.01416080166,300.0066223,0.001449805335,300.0066223,0.001452714205,300.0066223,0.001426119008,300.0066223,0.007691989653,300.0066223,0.007647779305,300.0066223,0.007657526992,300.0066223,0.0002076810051,300.0066223,0.0002310678392,300.0066223,0.0002309124393,
298.9849854,77.83316803,298.9849854,0.01062424015,298.9849854,1.584250094E-005,298.9849854,1.832765156E-005,298.9849854,1.260664976E-005,298.9849854,0.004909061361,298.9849854,0.004975852091,298.9849854,0.004976506811,298.9849854,0.01480053272,298.9849854,0.01491472498,298.9849854,0.01457239781,298.9849854,0.001385502052,298.9849854,0.001336735673,298.9849854,0.001382671529,298.9849854,0.007788462564,298.9849854,0.007797185797,298.9849854,0.007797027472,298.9849854,0.0002099341655,298.9849854,0.0001929968857,298.9849854,0.0001694308157,
298.0025635,77.74839783,298.0025635,0.005388860125,298.0025635,-2.676526674E-005,298.0025635,-1.625608456E-005,298.0025635,-8.303424693E-005,298.0025635,0.0049993922,298.0025635,0.005123923067,298.0025635,0.005066406913,298.0025635,0.01524909027,298.0025635,0.01544005424,298.0025635,0.01498886012,298.0025635,0.001321130432,298.0025635,0.001315262518,298.0025635,0.001342344214,298.0025635,0.007844126783,298.0025635,0.007910052314,298.0025635,0.007844943553,298.0025635,0.0001504235261,298.0025635,0.0001558614895,298.0025635,0.0001284392783,
296.9807129,77.74848175,296.9807129,0.003106090007,296.9807129,1.485879966E-005,296.9807129,4.074642493E-005,296.9807129,-1.692909245E-005,296.9807129,0.00524327578,296.9807129,0.005317140836,296.9807129,0.005275765434,296.9807129,0.01575622149,296.9807129,0.01588503085,296.9807129,0.01549837086,296.9807129,0.001378075103,296.9807129,0.001384437317,296.9807129,0.001429651049,296.9807129,0.008022552356,296.9807129,0.008104962297,296.9807129,0.007993126288,296.9807129,0.0001764487097,296.9807129,0.0001944989344,296.9807129,0.0001683172886,
295.9980164,77.67572021,295.9980164,0.003769258503,295.9980164,5.902040812E-006,295.9980164,2.668925299E-005,295.9980164,1.604933004E-006,295.9980164,0.005369186867,295.9980164,0.005420374218,295.9980164,0.005370680708,295.9980164,0.01615426131,295.9980164,0.01633371599,295.9980164,0.01590049639,295.9980164,0.00140162895,295.9980164,0.001414042548,295.9980164,0.001428014832,295.9980164,0.008128065616,295.9980164,0.008152885363,295.9980164,0.008190236054,295.9980164,0.0002487318125,295.9980164,0.0001984871778,295.9980164,0.000193877393,
295.0152588,77.60906219,295.0152588,0.004693389405,295.0152588,-7.102528616E-005,295.0152588,-1.087209284E-006,295.0152588,-5.803246313E-005,295.0152588,0.005468500312,295.0152588,0.005519384518,295.0152588,0.005455079023,295.0152588,0.01652012952,295.0152588,0.01673831232,295.0152588,0.01626781747,295.0152588,0.001374257728,295.0152588,0.001359248534,295.0152588,0.001342500094,295.0152588,0.00823592674,295.0152588,0.008267849684,295.0152588,0.008214954287,295.0152588,0.0001340582385,295.0152588,0.0001125149938,295.0152588,0.0001718132698,
293.9930115,77.56902313,293.9930115,0.006742065307,293.9930115,2.202951691E-005,293.9930115,2.454059177E-005,293.9930115,-3.266686326E-005,293.9930115,0.005696070846,293.9930115,0.005762117449,293.9930115,0.005686393008,293.9930115,0.01710997708,293.9930115,0.01721492037,293.9930115,0.01683958806,293.9930115,0.001371245482,293.9930115,0.001365195028,293.9930115,0.001385553973,293.9930115,0.008460940793,293.9930115,0.008487468585,293.9930115,0.008419977501,293.9930115,0.0001697415719,293.9930115,0.0001498020429,293.9930115,0.0002068781469,
293.0100098,77.48506927,293.0100098,0.00635141274,293.0100098,-2.857716936E-005,293.0100098,-3.473757897E-005,293.0100098,-7.470048149E-005,293.0100098,0.005831348244,293.0100098,0.005945567973,293.0100098,0.00586480042,293.0100098,0.01764465496,293.0100098,0.01786251366,293.0100098,0.01746546663,293.0100098,0.001373322913,293.0100098,0.0013621049,293.0100098,0.001362182782,293.0100098,0.008625519462,293.0100098,0.008636504412,293.0100098,0.00862438418,293.0100098,0.0001639149996,293.0100098,0.0001520031219,293.0100098,0.000139521886,
291.9875488,77.40745544,291.9875488,0.003665090771,291.9875488,-1.573838381E-005,291.9875488,2.039862193E-005,291.9875488,-4.126027488E-005,291.9875488,0.006041364744,291.9875488,0.006164435763,291.9875488,0.006056799553,291.9875488,0.01831003651,291.9875488,0.01846272498,291.9875488,0.01799524203,291.9875488,0.001388072968,291.9875488,0.001372855506,291.9875488,0.001401602989,291.9875488,0.008804663084,291.9875488,0.008853403851,291.9875488,0.008793753572,291.9875488,0.0001521325903,291.9875488,0.0001810324175,291.9875488,0.000199911563,
291.0043335,77.35985565,291.0043335,0.002199114067,291.0043335,-3.732596088E-005,291.0043335,-2.319320811E-005,291.0043335,8.801238209E-007,291.0043335,0.006255369633,291.0043335,0.006322499365,291.0043335,0.006262906827,291.0043335,0.01878261566,291.0043335,0.01888850518,291.0043335,0.0184667483,291.0043335,0.001347901067,291.0043335,0.001436663442,291.0043335,0.001439779997,291.0043335,0.008967945352,291.0043335,0.008990170434,291.0043335,0.008998521604,291.0043335,0.0001830005785,291.0043335,0.0001887497201,291.0043335,0.0001768889488,
289.9816589,77.31207275,289.9816589,0.008368718438,289.9816589,-6.543479685E-005,289.9816589,-6.584890798E-005,289.9816589,-6.885121547E-005,289.9816589,0.006381285843,289.9816589,0.006465828046,289.9816589,0.006349973846,289.9816589,0.01924688928,289.9816589,0.01939728111,289.9816589,0.01893033274,289.9816589,0.001312899753,289.9816589,0.001299268682,289.9816589,0.001350627514,289.9816589,0.009096500464,289.9816589,0.00912631955,289.9816589,0.009048579261,289.9816589,0.0001238820259,289.9816589,8.395630721E-005,289.9816589,0.0001591243054,
288.9981995,77.26114655,288.9981995,0.006854783744,288.9981995,-4.219207767E-005,288.9981995,-5.518537728E-005,288.9981995,6.91160858E-006,288.9981995,0.006546156015,288.9981995,0.006702018902,288.9981995,0.006627865136,288.9981995,0.01985465176,288.9981995,0.02001924254,288.9981995,0.01951420493,288.9981995,0.001340734423,288.9981995,0.001337904134,288.9981995,0.00133759249,288.9981995,0.009379356168,288.9981995,0.009384249337,288.9981995,0.00929133594,288.9981995,0.0001881540811,288.9981995,0.000190199964,288.9981995,0.0002027085429,
288.0146484,77.18295288,288.0146484,0.01051273104,288.0146484,-5.767010953E-005,288.0146484,1.439283733E-005,288.0146484,-6.874769315E-005,288.0146484,0.006848707329,288.0146484,0.006988500711,288.0146484,0.006856570486,288.0146484,0.02059627697,288.0146484,0.02076329291,288.0146484,0.02028993703,288.0146484,0.001422950532,288.0146484,0.001377737499,288.0146484,0.001364260213,288.0146484,0.009600941092,288.0146484,0.00963666942,288.0146484,0.009613035247,288.0146484,0.0002317153412,288.0146484,0.0001941881637,288.0146484,0.0002703077334,
286.9916077,77.13191986,286.9916077,0.00557006523,286.9916077,-1.723971218E-005,286.9916077,-5.585832696E-005,286.9916077,-7.438989996E-005,286.9916077,0.007081317715,286.9916077,0.00716157537,286.9916077,0.007146180607,286.9916077,0.02124504745,286.9916077,0.02145612612,286.9916077,0.02096338011,286.9916077,0.001395655912,286.9916077,0.001352575026,286.9916077,0.001388228731,286.9916077,0.009750993922,286.9916077,0.009823565371,286.9916077,0.009823459201,286.9916077,0.0001986425777,286.9916077,0.0002030970209,286.9916077,0.000220656264,
286.007782,77.08046722,286.007782,0.007405380253,286.007782,-3.955196007E-005,286.007782,-1.987996802E-005,286.007782,-4.586751311E-005,286.007782,0.007280251943,286.007782,0.007392194122,286.007782,0.007285516709,286.007782,0.02184622549,286.007782,0.02196190506,286.007782,0.02152499557,286.007782,0.001319546602,286.007782,0.001371297403,286.007782,0.001387839206,286.007782,0.009924432263,286.007782,0.01000468712,286.007782,0.009919479489,286.007782,0.0001989792363,286.007782,0.0002609053627,286.007782,0.0002511406201,
284.9845581,76.99130249,284.9845581,0.004814520478,284.9845581,-5.64277434E-005,284.9845581,-1.278748005E-005,284.9845581,-9.809673793E-005,284.9845581,0.007446569856,284.9845581,0.007503322326,284.9845581,0.007483649068,284.9845581,0.02241274528,284.9845581,0.0225841701,284.9845581,0.02211996727,284.9845581,0.001324090525,284.9845581,0.001362260664,284.9845581,0.00137503678,284.9845581,0.01015456207,284.9845581,0.01014889125,284.9845581,0.01015578117,284.9845581,0.0001723570895,284.9845581,0.0002391745365,284.9845581,0.0002271569974,
284.0005493,76.90206146,284.0005493,0.002526145428,284.0005493,-5.901599798E-005,284.0005493,5.953776849E-007,284.0005493,-0.0001049807979,284.0005493,0.007610501256,284.0005493,0.007786828559,284.0005493,0.007693149149,284.0005493,0.02313071303,284.0005493,0.02330247685,284.0005493,0.02282116376,284.0005493,0.001306408667,284.0005493,0.001345771831,284.0005493,0.001345252502,284.0005493,0.01039557904,284.0005493,0.01030684821,284.0005493,0.01031824667,284.0005493,0.0001868333347,284.0005493,0.0001558614895,284.0005493,0.0002009733871,
283.0164185,76.80776978,283.0164185,0.005807591602,283.0164185,-2.360736107E-005,283.0164185,-1.087197052E-005,283.0164185,-3.918958828E-005,283.0164185,0.007874676026,283.0164185,0.008051189594,283.0164185,0.007980839349,283.0164185,0.0239079874,283.0164185,0.02411004901,283.0164185,0.0236871317,283.0164185,0.001317079994,283.0164185,0.001397395856,283.0164185,0.001390176476,283.0164185,0.01053500641,283.0164185,0.0105626164,283.0164185,0.01054826751,283.0164185,0.0002833366743,283.0164185,0.0002561913279,283.0164185,0.0002455978538,
281.9928284,76.73674774,281.9928284,0.009444267489,281.9928284,-1.874103691E-005,281.9928284,-2.640288585E-005,281.9928284,-4.49874824E-005,281.9928284,0.008137191646,281.9928284,0.00823571533,281.9928284,0.008211339824,281.9928284,0.02450741455,281.9928284,0.02475727163,281.9928284,0.02432104759,281.9928284,0.001336917398,281.9928284,0.001327232225,281.9928284,0.001348835882,281.9928284,0.01077639405,281.9928284,0.01075805724,281.9928284,0.01074656844,281.9928284,0.0002442510158,281.9928284,0.0002119024575,281.9928284,0.0002464784484,
281.0085144,76.66022491,281.0085144,0.002921830164,281.0085144,1.931136103E-005,281.0085144,6.844789459E-005,281.0085144,-7.143939729E-005,281.0085144,0.008277558722,281.0085144,0.008421323262,281.0085144,0.008370731026,281.0085144,0.02514041774,281.0085144,0.02542135119,281.0085144,0.02491898835,281.0085144,0.001333100372,281.0085144,0.001400408335,281.0085144,0.001336216344,281.0085144,0.0108993277,281.0085144,0.0109352693,281.0085144,0.01086798031,281.0085144,0.000250493089,281.0085144,0.0002295915619,281.0085144,0.00027724955,
279.9847107,76.58267975,279.9847107,0.006009374745,279.9847107,6.875857798E-005,279.9847107,5.503705688E-005,279.9847107,2.1356449E-005,279.9847107,0.008545176126,279.9847107,0.008733953349,279.9847107,0.008587920107,279.9847107,0.0259373486,279.9847107,0.026198918,279.9847107,0.02568813041,279.9847107,0.001517053344,279.9847107,0.001513260766,279.9847107,0.001453545294,279.9847107,0.0111991372,279.9847107,0.01120747812,279.9847107,0.01114915032,279.9847107,0.0003271665191,279.9847107,0.000324809138,279.9847107,0.000353927695,
279.0001526,76.4750061,279.0001526,0.01050076541,279.0001526,2.824250987E-005,279.0001526,4.413781789E-005,279.0001526,-2.619581028E-005,279.0001526,0.00899138581,279.0001526,0.009128725156,279.0001526,0.008992733434,279.0001526,0.02687225677,279.0001526,0.0272499714,279.0001526,0.02673387155,279.0001526,0.002023631707,279.0001526,0.00202714256,279.0001526,0.002078249585,279.0001526,0.01194694825,279.0001526,0.01199851744,279.0001526,0.01194040291,279.0001526,0.0003786178422,279.0001526,0.0003433059319,279.0001526,0.0003546531079,
278.0155334,76.36200714,278.0155334,0.004074194469,278.0155334,-7.99285117E-005,278.0155334,6.308868615E-005,278.0155334,-3.499641753E-005,278.0155334,0.009049134329,278.0155334,0.009218431078,278.0155334,0.009153866209,278.0155334,0.02743677422,278.0155334,0.02788135782,278.0155334,0.02730358392,278.0155334,0.001689416007,278.0155334,0.001646357938,278.0155334,0.001665898482,278.0155334,0.01178286131,278.0155334,0.01179464441,278.0155334,0.01175998803,278.0155334,0.0003467774077,278.0155334,0.0003391868377,278.0155334,0.0003379951522,
276.9913635,76.25810242,276.9913635,0.005221932195,276.9913635,1.405630792E-005,276.9913635,-1.812014034E-006,276.9913635,-2.391797534E-005,276.9913635,0.009505916387,276.9913635,0.009671818465,276.9913635,0.00955359824,276.9913635,0.02845666744,276.9913635,0.02890614234,276.9913635,0.02842905745,276.9913635,0.002369426657,276.9913635,0.0024574087,276.9913635,0.002473887755,276.9913635,0.01276799385,276.9913635,0.01273755077,276.9913635,0.01272654161,276.9913635,0.0003450157528,276.9913635,0.0003744206915,276.9913635,0.0003711821628,
276.0064697,76.17506409,276.0064697,0.004482075572,276.0064697,1.752515345E-005,276.0064697,1.045805675E-005,276.0064697,-1.956935193E-005,276.0064697,0.01058415417,276.0064697,0.01084523462,276.0064697,0.01061166078,276.0064697,0.03030702099,276.0064697,0.03075210936,276.0064697,0.03031856939,276.0064697,0.005578717683,276.0064697,0.005681829527,276.0064697,0.005625288002,276.0064697,0.01610254683,276.0064697,0.01614010334,276.0064697,0.01610759646,276.0064697,0.0003874009417,276.0064697,0.000372218492,276.0064697,0.0003549380926,
274.9821167,76.06050873,274.9821167,0.007593622897,274.9821167,-3.152796489E-005,274.9821167,2.606795169E-005,274.9821167,-7.455094874E-006,274.9821167,0.01053039171,274.9821167,0.01073144376,274.9821167,0.01058529504,274.9821167,0.03079717979,274.9821167,0.03122483008,274.9821167,0.03072251938,274.9821167,0.00481605297,274.9821167,0.004798437469,274.9821167,0.004765878897,274.9821167,0.01542530116,274.9821167,0.0154905105,274.9821167,0.01548498403,274.9821167,0.0004103828978,274.9821167,0.0004092169111,274.9821167,0.0004114970507,
273.9970703,75.93330383,273.9970703,0.009021946229,273.9970703,-6.647007831E-005,273.9970703,1.817232987E-005,273.9970703,-2.640360663E-006,273.9970703,0.01114760991,273.9970703,0.0113336686,273.9970703,0.01113555208,273.9970703,0.03201417625,273.9970703,0.03253966197,273.9970703,0.03200712427,273.9970703,0.006175095681,273.9970703,0.006164934486,273.9970703,0.006163175218,273.9970703,0.01694096811,273.9970703,0.01709355228,273.9970703,0.0169720836,273.9970703,0.000379628269,273.9970703,0.0003877118288,273.9970703,0.0004125075357,
273.0118713,75.77526093,273.0118713,0.0101488065,273.0118713,-3.504818596E-005,273.0118713,1.043217071E-005,273.0118713,-5.280705409E-006,273.0118713,0.01222908404,273.0118713,0.01236052625,273.0118713,0.01222602185,273.0118713,0.03405142948,273.0118713,0.03449810296,273.0118713,0.03394975513,273.0118713,0.00915600732,273.0118713,0.009194343351,273.0118713,0.009181440808,273.0118713,0.02015241422,273.0118713,0.02015184425,273.0118713,0.02013579197,273.0118713,0.0004362681939,273.0118713,0.0003916759451,273.0118713,0.0004484469828,
271.9871826,75.64733124,271.9871826,0.005292825401,271.9871826,7.662922872E-005,271.9871826,5.190446973E-005,271.9871826,3.769160685E-005,271.9871826,0.01070942171,271.9871826,0.01088478137,271.9871826,0.0107953148,271.9871826,0.03242746368,271.9871826,0.03287967294,271.9871826,0.03237368912,271.9871826,0.003222015454,271.9871826,0.003350080922,271.9871826,0.003333125263,271.9871826,0.01427289937,271.9871826,0.01439690776,271.9871826,0.01424106769,271.9871826,0.0004057449405,271.9871826,0.0004779625742,271.9871826,0.0004669231421,
271.00177,75.58444977,271.00177,0.007369441446,271.00177,-4.229561091E-005,271.00177,3.805253982E-006,271.00177,6.135017884E-006,271.00177,0.01030096412,271.00177,0.01047178358,271.00177,0.01029712055,271.00177,0.03220551834,271.00177,0.03269138187,271.00177,0.03216523677,271.00177,0.001498220721,271.00177,0.00151079311,271.00177,0.001566619496,271.00177,0.01262129098,271.00177,0.01266427804,271.00177,0.01266995538,271.00177,0.0003869345819,271.00177,0.0003699644876,271.00177,0.0004146581341,
270.0162964,75.44168854,270.0162964,0.006343486719,270.0162964,3.657841444E-005,270.0162964,3.738094529E-005,270.0162964,1.475525278E-005,270.0162964,0.01050201524,270.0162964,0.01077055559,270.0162964,0.01056107879,270.0162964,0.03304857761,270.0162964,0.03354030102,270.0162964,0.03307522461,270.0162964,0.001434715465,270.0162964,0.001436897088,270.0162964,0.001424638671,270.0162964,0.01269098464,270.0162964,0.01274725422,270.0162964,0.01268674619,270.0162964,0.0004975802731,270.0162964,0.0005387103301,270.0162964,0.0005020377575,
268.991272,75.28453827,268.991272,0.005015988369,268.991272,-8.696814621E-005,268.991272,-1.604900353E-005,268.991272,-9.012559167E-005,268.991272,0.01064948924,268.991272,0.01085497532,268.991272,0.01066723745,268.991272,0.03368193656,268.991272,0.03422126547,268.991272,0.03374616802,268.991272,0.001278757933,268.991272,0.00132006593,268.991272,0.001280575292,268.991272,0.01272947434,268.991272,0.01278097648,268.991272,0.0126845343,268.991272,0.00031825513,268.991272,0.0003776333178,268.991272,0.00046288062,
268.0055847,75.15861511,268.0055847,0.008525512181,268.0055847,9.817068349E-005,268.0055847,8.65713082E-005,268.0055847,7.155471394E-005,268.0055847,0.01101058722,268.0055847,0.0112107452,268.0055847,0.0110303415,268.0055847,0.0346262008,268.0055847,0.03521773592,268.0055847,0.03468754515,268.0055847,0.001441156492,268.0055847,0.001380022732,268.0055847,0.001416483778,268.0055847,0.01302889641,268.0055847,0.0129800057,268.0055847,0.01296405587,268.0055847,0.0004987464636,268.0055847,0.0005659252056,268.0055847,0.0005500626285,
266.9803772,75.00445557,266.9803772,0.00594970258,266.9803772,3.013231253E-005,266.9803772,4.028043622E-005,266.9803772,-2.169189975E-005,266.9803772,0.01117013209,266.9803772,0.0113538634,266.9803772,0.01115921605,266.9803772,0.03540510312,266.9803772,0.03587116674,266.9803772,0.03542779759,266.9803772,0.001316093374,266.9803772,0.001288234256,266.9803772,0.001363247517,266.9803772,0.01305202395,266.9803772,0.01304711588,266.9803772,0.01304836944,266.9803772,0.0004599523963,266.9803772,0.0004771851527,266.9803772,0.0004578015942,
265.9944458,74.87460327,265.9944458,0.002675537486,265.9944458,-3.618707706E-005,265.9944458,-4.162264304E-005,265.9944458,-0.0001069476493,265.9944458,0.01135774236,265.9944458,0.01150362007,265.9944458,0.01141022518,265.9944458,0.03613727167,265.9944458,0.03659961373,265.9944458,0.03603747115,265.9944458,0.001283924445,265.9944458,0.001245683176,265.9944458,0.001274500159,265.9944458,0.0131563656,265.9944458,0.01319841854,265.9944458,0.01311623678,265.9944458,0.000402687554,265.9944458,0.0004089318973,265.9944458,0.0004166791623,
265.0084534,74.72278595,265.0084534,0.004819416441,265.0084534,-1.397840037E-006,265.0084534,-3.468581417E-005,265.0084534,1.783579864E-005,265.0084534,0.0116814021,265.0084534,0.01182488818,265.0084534,0.01168129593,265.0084534,0.03719342127,265.0084534,0.03761195019,265.0084534,0.03708238155,265.0084534,0.001296023256,265.0084534,0.001336553833,265.0084534,0.001290544984,265.0084534,0.01336915419,265.0084534,0.01340105571,265.0084534,0.01337924507,265.0084534,0.0004198144015,265.0084534,0.0004822125775,265.0084534,0.000518261455,
263.9829102,74.58135223,263.9829102,0.005474905949,263.9829102,4.796934809E-005,263.9829102,-2.852540092E-005,263.9829102,-5.580656216E-005,263.9829102,0.01204660628,263.9829102,0.01212773379,263.9829102,0.01203534845,263.9829102,0.03826254979,263.9829102,0.03873146698,263.9829102,0.03822043166,263.9829102,0.001320351497,263.9829102,0.001309186802,263.9829102,0.001366701094,263.9829102,0.01360856928,263.9829102,0.01361612882,263.9829102,0.01361353789,263.9829102,0.0004671563802,263.9829102,0.0005106419558,263.9829102,0.0005054846406,
262.9966736,74.55603027,262.9966736,0.004524665419,262.9966736,0.0001478081394,262.9966736,8.095296653E-005,262.9966736,2.767298247E-005,262.9966736,0.01240415405,262.9966736,0.01254324242,262.9966736,0.0124031147,262.9966736,0.03929186985,262.9966736,0.03977934271,262.9966736,0.03918482363,262.9966736,0.001352029736,262.9966736,0.001409134245,262.9966736,0.00139394193,262.9966736,0.01391212735,262.9966736,0.01392033324,262.9966736,0.01384175662,262.9966736,0.0005508401664,262.9966736,0.000567324867,262.9966736,0.0005113676307,
262.0104065,74.59606171,262.0104065,0.007494707126,262.0104065,3.996977466E-005,262.0104065,3.562055281E-005,262.0104065,-2.303790097E-005,262.0104065,0.01275687758,262.0104065,0.01287901308,262.0104065,0.0127489334,262.0104065,0.04052017629,262.0104065,0.04096402973,262.0104065,0.04040967673,262.0104065,0.001441156492,262.0104065,0.001393552404,262.0104065,0.001424638671,262.0104065,0.01419268083,262.0104065,0.0141897928,262.0104065,0.01414213423,262.0104065,0.000554909464,262.0104065,0.0005248443922,262.0104065,0.0005843026447,
260.9845581,74.63519287,260.9845581,0.007954057306,260.9845581,2.15635464E-005,260.9845581,9.959474119E-005,260.9845581,3.184090747E-005,260.9845581,0.01318646409,260.9845581,0.01330146007,260.9845581,0.01318384893,260.9845581,0.04169224203,260.9845581,0.04213669524,260.9845581,0.04144543782,260.9845581,0.001382489689,260.9845581,0.001390020596,260.9845581,0.001392903156,260.9845581,0.01447266713,260.9845581,0.0144890463,260.9845581,0.01442473754,260.9845581,0.0005003791885,260.9845581,0.0005604561884,260.9845581,0.0005865318817,
259.9980469,74.56475067,259.9980469,0.004241781309,259.9980469,-5.63759786E-005,259.9980469,-5.171708472E-005,259.9980469,-6.7350069E-005,259.9980469,0.01341125462,259.9980469,0.01351704448,259.9980469,0.01334462222,259.9980469,0.04250645638,259.9980469,0.04284647852,259.9980469,0.04228281602,259.9980469,0.001272760681,259.9980469,0.001248694607,259.9980469,0.001276369439,259.9980469,0.0146283228,259.9980469,0.0146339722,259.9980469,0.01455478463,259.9980469,0.0004627510498,259.9980469,0.0004322000314,259.9980469,0.0004532149469,
259.0114441,74.46805573,259.0114441,0.004185776692,259.0114441,0.000118314987,259.0114441,0.0001226391469,259.0114441,0.000120515906,259.0114441,0.01400809363,259.0114441,0.01409897394,259.0114441,0.01389130577,259.0114441,0.04408716038,259.0114441,0.04437205195,259.0114441,0.04378782585,259.0114441,0.001455051824,259.0114441,0.00133203587,259.0114441,0.001369064208,259.0114441,0.01511644945,259.0114441,0.01514317282,259.0114441,0.01507421024,259.0114441,0.0005555833341,259.0114441,0.0005410689046,259.0114441,0.00057626731,
257.9852295,74.29374695,257.9852295,0.003385482356,257.9852295,5.85026828E-006,257.9852295,5.783310553E-005,257.9852295,3.424848546E-005,257.9852295,0.0144661637,257.9852295,0.0146342665,257.9852295,0.01441788673,257.9852295,0.04573613405,257.9852295,0.04596000537,257.9852295,0.0453254208,257.9852295,0.00137449149,257.9852295,0.001310017658,257.9852295,0.001302877557,257.9852295,0.01554242149,257.9852295,0.01556203421,257.9852295,0.01545070298,257.9852295,0.0004279505229,257.9852295,0.0005058733514,257.9852295,0.0004905312671,
256.9984436,74.17595673,256.9984436,0.00632596761,256.9984436,3.002782705E-006,256.9984436,-1.511714254E-005,256.9984436,-4.845582953E-005,256.9984436,0.01497348025,256.9984436,0.01517641172,256.9984436,0.01500686724,256.9984436,0.04730178416,256.9984436,0.0475336574,256.9984436,0.04687514156,256.9984436,0.001383061055,256.9984436,0.001340656425,256.9984436,0.001287377556,256.9984436,0.015939245,256.9984436,0.01596918888,256.9984436,0.01592130773,256.9984436,0.0004455188755,256.9984436,0.000456635491,256.9984436,0.0004370455572,
256.0115356,74.05519104,256.0115356,0.01401277538,256.0115356,-2.189897714E-005,256.0115356,5.182680252E-005,256.0115356,4.255861859E-005,256.0115356,0.01559954509,256.0115356,0.01573992893,256.0115356,0.01553214621,256.0115356,0.04888902977,256.0115356,0.04913685471,256.0115356,0.04853782058,256.0115356,0.001397240092,256.0115356,0.001349225291,256.0115356,0.001348498277,256.0115356,0.01647361182,256.0115356,0.01649146527,256.0115356,0.01647283323,256.0115356,0.0005114712985,256.0115356,0.0005367405829,256.0115356,0.0005275657168,
254.9850922,73.92658997,254.9850922,0.007544037886,254.9850922,-5.901599798E-005,254.9850922,-7.030060078E-005,254.9850922,-1.532422357E-005,254.9850922,0.01612992212,254.9850922,0.01628208719,254.9850922,0.01609448716,254.9850922,0.05074011907,254.9850922,0.05093814805,254.9850922,0.05040883273,254.9850922,0.001320896787,254.9850922,0.001298256102,254.9850922,0.001380334375,254.9850922,0.01697606593,254.9850922,0.01696678065,254.9850922,0.01692002825,254.9850922,0.0004567650612,254.9850922,0.0004971396993,254.9850922,0.0004714840034,
253.9979858,73.80119324,253.9979858,0.006772365887,253.9979858,9.643593512E-005,253.9979858,7.714703679E-005,253.9979858,5.558073099E-005,253.9979858,0.01706266962,253.9979858,0.01719574444,253.9979858,0.01700069755,253.9979858,0.05294723809,253.9979858,0.05325479805,253.9979858,0.05259468779,253.9979858,0.001550434506,253.9979858,0.001484843669,253.9979858,0.001497909077,253.9979858,0.0176890865,253.9979858,0.0177994296,253.9979858,0.0177076105,253.9979858,0.0006251039449,253.9979858,0.0005989222554,253.9979858,0.0006224598037,
253.0108185,73.69886017,253.0108185,0.007584170904,253.0108185,1.252898983E-005,253.0108185,4.626068767E-005,253.0108185,8.82720451E-006,253.0108185,0.0177572798,253.0108185,0.01787886024,253.0108185,0.01774377003,253.0108185,0.0549758561,253.0108185,0.05509679765,253.0108185,0.05451499298,253.0108185,0.001672784681,253.0108185,0.001657375367,253.0108185,0.001644409029,253.0108185,0.01852641813,253.0108185,0.01847514883,253.0108185,0.01841794327,253.0108185,0.0005521361018,253.0108185,0.0005744269583,253.0108185,0.0005839656806,
251.984024,73.62779999,251.984024,0.006086871959,251.984024,-3.80507081E-005,251.984024,4.079820064E-005,251.984024,7.248131624E-006,251.984024,0.01837243885,251.984024,0.01853079535,251.984024,0.01833090745,251.984024,0.05684401095,251.984024,0.05693165213,251.984024,0.05640008673,251.984024,0.001681412105,251.984024,0.00160865637,251.984024,0.001640667324,251.984024,0.01896851324,251.984024,0.01899250038,251.984024,0.01896172576,251.984024,0.0005144257448,251.984024,0.0005910939653,251.984024,0.0005782890948,
250.9966125,73.45851135,250.9966125,0.008752322756,250.9966125,-7.455094874E-006,250.9966125,3.701851165E-005,250.9966125,7.466154784E-005,250.9966125,0.01935592294,250.9966125,0.01942851953,250.9966125,0.0192901846,250.9966125,0.05940952525,250.9966125,0.05954400077,250.9966125,0.05892181769,250.9966125,0.001550928107,250.9966125,0.001506325207,250.9966125,0.001503753592,250.9966125,0.01951723732,250.9966125,0.0195764564,250.9966125,0.01948117465,250.9966125,0.0005511252675,250.9966125,0.0005510215997,250.9966125,0.0005460711545,
250.0091705,73.33528137,250.0091705,0.007175917737,250.0091705,-6.471444067E-006,250.0091705,7.315990661E-005,250.0091705,-3.515172284E-005,250.0091705,0.02037351578,250.0091705,0.02044733986,250.0091705,0.02030406892,250.0091705,0.06219996512,250.0091705,0.06226094067,250.0091705,0.0616908893,250.0091705,0.001537912991,250.0091705,0.001530769165,250.0091705,0.001488791779,250.0091705,0.02024670318,250.0091705,0.02027648501,250.0091705,0.02020675689,250.0091705,0.0005810625735,250.0091705,0.0006162123755,250.0091705,0.000655098178,
248.9821014,73.21603394,248.9821014,0.009572060779,248.9821014,-3.774010111E-005,248.9821014,-3.654944885E-005,248.9821014,-3.421990186E-005,248.9821014,0.02136913314,248.9821014,0.02146776766,248.9821014,0.02132674307,248.9821014,0.06480390579,248.9821014,0.06500090659,248.9821014,0.06425577402,248.9821014,0.001505987486,248.9821014,0.001474661753,248.9821014,0.001482895575,248.9821014,0.02092260495,248.9821014,0.02093355171,248.9821014,0.02090073936,248.9821014,0.000550762401,248.9821014,0.0005455009523,248.9821014,0.0005782890948,
247.9944,73.12709808,247.9944,0.007735826541,247.9944,1.379744026E-005,247.9944,1.638612775E-005,247.9944,4.494036693E-005,247.9944,0.02244166657,247.9944,0.02254395187,247.9944,0.02238052897,247.9944,0.06750348955,247.9944,0.06761112809,247.9944,0.06692649424,247.9944,0.001558721764,247.9944,0.001559708966,247.9944,0.001554149436,247.9944,0.02155230567,247.9944,0.02158734575,247.9944,0.02152439579,247.9944,0.0006136460579,247.9944,0.0006664535031,247.9944,0.0006776794908,
247.0066681,73.02606964,247.0066681,0.006229597609,247.0066681,-6.740183017E-005,247.0066681,-5.875717397E-005,247.0066681,-7.956617628E-005,247.0066681,0.02329914644,247.0066681,0.02343523875,247.0066681,0.02324973978,247.0066681,0.06975948811,247.0066681,0.06972879171,247.0066681,0.0691806674,247.0066681,0.001599640702,247.0066681,0.001583350589,247.0066681,0.001519027632,247.0066681,0.02201974206,247.0066681,0.02210027538,247.0066681,0.02205070667,247.0066681,0.0005616225535,247.0066681,0.0005537949619,247.0066681,0.0005148404161,
246.0187988,72.87171936,246.0187988,0.006632247008,246.0187988,1.938902278E-005,246.0187988,2.736233E-005,246.0187988,-1.85339577E-005,246.0187988,0.02474452928,246.0187988,0.02486542426,246.0187988,0.02468049154,246.0187988,0.07341015339,246.0187988,0.07337680459,246.0187988,0.07277015597,246.0187988,0.001862263074,246.0187988,0.001832549227,246.0187988,0.00186416076,246.0187988,0.02302547731,246.0187988,0.02305454761,246.0187988,0.02298980393,246.0187988,0.0005665731733,246.0187988,0.0005994925159,246.0187988,0.0006566277589,
244.9913177,72.71533966,244.9913177,0.00941317156,244.9913177,3.88289692E-007,244.9913177,1.118288219E-005,244.9913177,-5.057823728E-005,244.9913177,0.02632943168,244.9913177,0.0264381133,244.9913177,0.02631636895,244.9913177,0.07750002295,244.9913177,0.07755228877,244.9913177,0.07681121677,244.9913177,0.001802005689,244.9913177,0.001838138327,244.9913177,0.001781627187,244.9913177,0.02374651097,244.9913177,0.02378312126,244.9913177,0.02365457453,244.9913177,0.0006381953717,244.9913177,0.0005960967974,244.9913177,0.0006395953242,
244.0032806,72.60020447,244.0032806,0.007634078618,244.0032806,2.345331995E-005,244.0032806,-8.64582762E-006,244.0032806,-2.293436228E-005,244.0032806,0.02787393332,244.0032806,0.02800787799,244.0032806,0.02786112577,244.0032806,0.08150817454,244.0032806,0.08158469945,244.0032806,0.08085343242,244.0032806,0.001831405447,244.0032806,0.001833433053,244.0032806,0.001782718813,244.0032806,0.0244518742,244.0032806,0.02443369105,244.0032806,0.02439740859,244.0032806,0.0006991989212,244.0032806,0.0006270481972,244.0032806,0.0007117481437,
243.0151215,72.49461365,243.0151215,0.002953492338,243.0151215,-1.962112037E-005,243.0151215,-1.28392503E-005,243.0151215,-1.056134624E-005,243.0151215,0.02906293608,243.0151215,0.02916529961,243.0151215,0.02903409675,243.0151215,0.08459632099,243.0151215,0.08456867188,243.0151215,0.08387325704,243.0151215,0.001759612234,243.0151215,0.001731750672,243.0151215,0.001724421745,243.0151215,0.02482973598,243.0151215,0.02481337264,243.0151215,0.02480498515,243.0151215,0.0005661325413,243.0151215,0.0006198156625,243.0151215,0.0006721053505,
241.9873657,72.36006927,241.9873657,0.006430977955,241.9873657,-8.594056453E-006,241.9873657,1.853474896E-005,241.9873657,-2.283082358E-005,241.9873657,0.03063898161,241.9873657,0.03073932789,241.9873657,0.03056757152,241.9873657,0.08860582858,241.9873657,0.08846357465,241.9873657,0.08775286376,241.9873657,0.001784096472,241.9873657,0.001694665407,241.9873657,0.001777936239,241.9873657,0.02546713501,241.9873657,0.02542291582,241.9873657,0.02540463768,241.9873657,0.0006381176063,241.9873657,0.0006475540577,241.9873657,0.0006292776088,
240.999054,72.23574829,240.999054,0.004947678652,240.999054,-2.019058593E-005,240.999054,-3.158076652E-006,240.999054,-8.086023445E-005,240.999054,0.03233336285,240.999054,0.03240166232,240.999054,0.03228724003,240.999054,0.09289474785,240.999054,0.09283797443,240.999054,0.09211329371,240.999054,0.001775908866,240.999054,0.001714208163,240.999054,0.001791998278,240.999054,0.02601539716,240.999054,0.0259996485,240.999054,0.02589838579,240.999054,0.0005409133737,240.999054,0.0005847692373,240.999054,0.0006546833902,
240.0106354,72.09586334,240.0106354,0.005606077146,240.0106354,5.599495853E-005,240.0106354,1.713684833E-005,240.0106354,5.809199865E-005,240.0106354,0.0342120789,240.0106354,0.03425260633,240.0106354,0.03421515971,240.0106354,0.09762501717,240.0106354,0.09756917506,240.0106354,0.09695401788,240.0106354,0.001921852701,240.0106354,0.001883243327,240.0106354,0.001930120983,240.0106354,0.02666131034,240.0106354,0.02672836557,240.0106354,0.02669690177,240.0106354,0.0006863908493,240.0106354,0.0006534130662,240.0106354,0.0007667976315,
238.982605,71.95448303,238.982605,0.004742258228,238.982605,-4.974998228E-005,238.982605,3.109015961E-005,238.982605,3.494746488E-005,238.982605,0.03598417342,238.982605,0.03611332923,238.982605,0.03597138077,238.982605,0.1021621227,238.982605,0.1020945311,238.982605,0.1013573557,238.982605,0.001975521678,238.982605,0.001988081727,238.982605,0.001978798071,238.982605,0.02729479037,238.982605,0.02731598727,238.982605,0.02725664154,238.982605,0.0006767720915,238.982605,0.0007007545792,238.982605,0.0007828237722,
237.9940033,71.81774139,237.9940033,0.007736450993,237.9940033,-6.046541239E-005,237.9940033,-5.927482198E-005,237.9940033,-4.307211566E-005,237.9940033,0.03765429556,237.9940033,0.03771420568,237.9940033,0.03753063455,237.9940033,0.1063134298,237.9940033,0.1062700823,237.9940033,0.105458729,237.9940033,0.001940859715,237.9940033,0.00200485508,237.9940033,0.00193784351,237.9940033,0.02770300023,237.9940033,0.02771809325,237.9940033,0.02758285776,237.9940033,0.0006187787512,237.9940033,0.0006675423938,237.9940033,0.0007290686481,
237.0053101,71.70641327,237.0053101,0.009476101026,237.0053101,6.715339259E-005,237.0053101,0.0001115828563,237.0053101,4.838356836E-005,237.0053101,0.03960002959,237.0053101,0.03972246498,237.0053101,0.0395500958,237.0053101,0.1110760123,237.0053101,0.1109922379,237.0053101,0.1102620065,237.0053101,0.002179440809,237.0053101,0.002142681507,237.0053101,0.002176787006,237.0053101,0.02841590159,237.0053101,0.02836972475,237.0053101,0.02830780111,237.0053101,0.0008071752382,237.0053101,0.0007817864534,237.0053101,0.0008557265974,
236.0165558,71.60676575,236.0165558,0.007831034251,236.0165558,-2.195074558E-005,236.0165558,1.7706363E-005,236.0165558,-4.736873962E-005,236.0165558,0.04129467532,236.0165558,0.0414272435,236.0165558,0.04117706046,236.0165558,0.1152708456,236.0165558,0.1151422262,236.0165558,0.1143319234,236.0165558,0.002124940278,236.0165558,0.002185034333,236.0165558,0.00216310285,236.0165558,0.02885374427,236.0165558,0.02890664153,236.0165558,0.02874642052,236.0165558,0.000780463859,236.0165558,0.0007430966944,236.0165558,0.0008021699614,
234.9881287,71.52082062,234.9881287,0.009294414893,234.9881287,3.740683678E-005,234.9881287,2.847457381E-007,234.9881287,-6.087953079E-005,234.9881287,0.04322016612,234.9881287,0.04330189526,234.9881287,0.04317902029,234.9881287,0.1198926494,234.9881287,0.1198265031,234.9881287,0.1189846173,234.9881287,0.00224141567,234.9881287,0.002275737468,234.9881287,0.002265250543,234.9881287,0.02935616672,234.9881287,0.02938804589,234.9881287,0.02924356796,234.9881287,0.000731013366,234.9881287,0.0007112295716,234.9881287,0.0008428361034,
233.9991455,71.46779633,233.9991455,0.005425671116,233.9991455,1.462581804E-005,233.9991455,1.87677324E-005,233.9991455,-5.585832696E-005,233.9991455,0.04475259408,233.9991455,0.04483989254,233.9991455,0.04477182031,233.9991455,0.1234399751,233.9991455,0.1233408898,233.9991455,0.1225881726,233.9991455,0.002296737628,233.9991455,0.002355059609,233.9991455,0.002374345902,233.9991455,0.02965186909,233.9991455,0.02969577163,233.9991455,0.02963294089,233.9991455,0.0007353695692,233.9991455,0.0007543246611,233.9991455,0.0008324098308,
233.0101166,71.38876343,233.0101166,0.01565327495,233.0101166,1.625669211E-005,233.0101166,7.144586107E-006,233.0101166,-5.130295904E-005,233.0101166,0.04688973352,233.0101166,0.04699831828,233.0101166,0.04697757959,233.0101166,0.1281517595,233.0101166,0.1281058639,233.0101166,0.1273182929,233.0101166,0.00244501722,233.0101166,0.00237288815,233.0101166,0.002411567373,233.0101166,0.03010066971,233.0101166,0.03015865758,233.0101166,0.03010846674,233.0101166,0.0008241105243,233.0101166,0.0007870767149,233.0101166,0.0008811196894,
231.9814301,71.27267456,231.9814301,0.009273958392,231.9814301,6.314046914E-005,231.9814301,4.434492803E-005,231.9814301,1.216657529E-005,231.9814301,0.04921042919,231.9814301,0.04931347817,231.9814301,0.04921373725,231.9814301,0.1331170499,231.9814301,0.1328606308,231.9814301,0.132095024,231.9814301,0.002428643405,231.9814301,0.002512732055,231.9814301,0.002511325991,231.9814301,0.03045357578,231.9814301,0.03052146919,231.9814301,0.03039074503,231.9814301,0.0008362223743,231.9814301,0.0007576956996,231.9814301,0.0009342191042,
230.9922028,71.12430573,230.9922028,0.00782680884,230.9922028,-6.34159951E-005,230.9922028,-5.130295904E-005,230.9922028,-0.0001396582229,230.9922028,0.05139045045,230.9922028,0.05153695121,230.9922028,0.05144543573,230.9922028,0.1377638876,230.9922028,0.137604937,230.9922028,0.1367658228,230.9922028,0.002419064054,230.9922028,0.002433797577,230.9922028,0.002402977319,230.9922028,0.03069932014,230.9922028,0.03074452467,230.9922028,0.03061823361,230.9922028,0.0007014027797,230.9922028,0.0006767979939,230.9922028,0.000724090205,
230.0029144,71.00350952,230.0029144,0.008186338469,230.0029144,-1.159675867E-005,230.0029144,1.061325975E-006,230.0029144,4.794346023E-005,230.0029144,0.05405227467,230.0029144,0.05423926935,230.0029144,0.05406491086,230.0029144,0.1428754479,230.0029144,0.1427811086,230.0029144,0.1418682784,230.0029144,0.002674212446,230.0029144,0.002698852448,230.0029144,0.002649730071,230.0029144,0.03113482706,230.0029144,0.03120007552,230.0029144,0.03108549491,230.0029144,0.0008300756454,230.0029144,0.0008862555842,230.0029144,0.0009560107137,
229.0134888,70.89128876,229.0134888,0.01190276537,229.0134888,-3.344338256E-005,229.0134888,-2.345205394E-005,229.0134888,-0.0001359318267,229.0134888,0.05592257529,229.0134888,0.05604225025,229.0134888,0.05581812188,229.0134888,0.1463222504,229.0134888,0.1460898668,229.0134888,0.1453446299,229.0134888,0.002544002607,229.0134888,0.002642984502,229.0134888,0.002668482251,229.0134888,0.03132233396,229.0134888,0.03130288795,229.0134888,0.03123985045,229.0134888,0.0007359141018,229.0134888,0.0007032436552,229.0134888,0.0009034014656,
227.9844055,70.73190308,227.9844055,0.009722424671,227.9844055,-0.0001062230222,227.9844055,1.884539415E-005,227.9844055,-0.0001327229693,227.9844055,0.058836326,227.9844055,0.05881056562,227.9844055,0.05871839821,227.9844055,0.1515655816,227.9844055,0.1514008045,227.9844055,0.1506374776,227.9844055,0.002631785814,227.9844055,0.002696091542,227.9844055,0.00264980807,227.9844055,0.03163385764,227.9844055,0.03139387071,227.9844055,0.03150866926,227.9844055,0.0008586575277,227.9844055,0.000735110254,227.9844055,0.0007280833088,
226.994873,70.53982544,226.994873,0.01140048634,226.994873,1.560951932E-005,226.994873,-3.675651897E-005,226.994873,-7.257819379E-005,226.994873,0.06316563487,226.994873,0.06320308894,226.994873,0.06308402866,226.994873,0.1592873335,226.994873,0.1591841727,226.994873,0.1584298313,226.994873,0.002807587618,226.994873,0.00284007797,226.994873,0.002811417449,226.994873,0.0319117792,226.994873,0.03191102669,226.994873,0.03181297332,226.994873,0.0006991211558,226.994873,0.0007056031027,226.994873,0.0008460521931,
226.005188,70.35597992,226.005188,0.005076989066,226.005188,-1.382288701E-005,226.005188,-3.960372487E-005,226.005188,1.975144369E-005,226.005188,0.0672468096,226.005188,0.06736172736,226.005188,0.06719498336,226.005188,0.1663238704,226.005188,0.166307494,226.005188,0.165567264,226.005188,0.002923386404,226.005188,0.0029333157,226.005188,0.002927399706,226.005188,0.03217335045,226.005188,0.03215564787,226.005188,0.03203738853,226.005188,0.0007467010291,226.005188,0.000717504241,226.005188,0.0008633781108,
225.0154724,70.16064453,225.0154724,0.005304195452,225.0154724,1.291729041E-005,225.0154724,1.480702667E-005,225.0154724,-4.845582953E-005,225.0154724,0.07197810709,225.0154724,0.07200673223,225.0154724,0.0718454048,225.0154724,0.1741513759,225.0154724,0.1741191745,225.0154724,0.1734618843,225.0154724,0.003035670845,225.0154724,0.003082073526,225.0154724,0.002946059918,225.0154724,0.0324977003,225.0154724,0.03246874362,225.0154724,0.03233869001,225.0154724,0.0007459490444,225.0154724,0.0008200127631,225.0154724,0.0008552597137,
223.9860382,69.99136353,223.9860382,0.0056775501,223.9860382,3.054651825E-005,223.9860382,3.150436532E-005,223.9860382,-6.745359133E-005,223.9860382,0.0763470009,223.9860382,0.07636166364,223.9860382,0.07627337426,223.9860382,0.1816052198,223.9860382,0.1815269738,223.9860382,0.1807147413,223.9860382,0.003177475417,223.9860382,0.003141700523,223.9860382,0.003099306487,223.9860382,0.03270416334,223.9860382,0.032705836,223.9860382,0.03260400519,223.9860382,0.000798668887,223.9860382,0.0008010807214,223.9860382,0.0009285638807,
222.9961243,69.81807709,222.9961243,0.008444757201,222.9961243,6.047383067E-005,222.9961243,3.748450035E-005,222.9961243,-8.179888937E-006,222.9961243,0.08189316094,222.9961243,0.08194555342,222.9961243,0.08178915083,222.9961243,0.1906136274,222.9961243,0.1906384826,222.9961243,0.1899660975,222.9961243,0.003314396134,222.9961243,0.003316456918,222.9961243,0.003286121879,222.9961243,0.03306988999,222.9961243,0.03300667927,222.9961243,0.03295945376,222.9961243,0.0008237215225,222.9961243,0.000748775492,222.9961243,0.0009535461431,
222.006134,69.59687042,222.006134,0.0101659596,222.006134,4.998868098E-005,222.006134,-8.231660104E-006,222.006134,1.038039773E-005,222.006134,0.08783210814,222.006134,0.08789853007,222.006134,0.08769530058,222.006134,0.2005649954,222.006134,0.2003676593,222.006134,0.1997957975,222.006134,0.00328620011,222.006134,0.003380916314,222.006134,0.003335655434,222.006134,0.03327480704,222.006134,0.03326779231,222.006134,0.03321072832,222.006134,0.0007917446783,222.006134,0.0008007954457,222.006134,0.0009236091282,
221.0160522,69.36064148,221.0160522,0.008810669184,221.0160522,3.445559196E-005,221.0160522,-1.258039811E-005,221.0160522,4.121241727E-005,221.0160522,0.09518864006,221.0160522,0.09527860582,221.0160522,0.09510124475,221.0160522,0.2123725563,221.0160522,0.2125099897,221.0160522,0.2117226869,221.0160522,0.003472547978,221.0160522,0.003432130441,221.0160522,0.003426468698,221.0160522,0.03363522515,221.0160522,0.0336943008,221.0160522,0.03358666971,221.0160522,0.0008493461646,221.0160522,0.0008091462078,221.0160522,0.0008975650417,
219.9862671,69.13757324,219.9862671,0.008807623759,219.9862671,4.110886221E-005,219.9862671,1.959612018E-005,219.9862671,-3.385752643E-005,219.9862671,0.1019072011,219.9862671,0.1019228771,219.9862671,0.1017655283,219.9862671,0.223053664,219.9862671,0.2232282311,219.9862671,0.2225227207,219.9862671,0.003488282673,219.9862671,0.003532150295,219.9862671,0.003564668819,219.9862671,0.03401141986,219.9862671,0.03406371921,219.9862671,0.03391291946,219.9862671,0.0008146443288,219.9862671,0.0007604703424,219.9862671,0.0008514989167,
218.9960327,68.9471283,218.9960327,0.003693023697,218.9960327,-3.19938772E-005,218.9960327,-4.918055492E-005,218.9960327,-2.769710227E-005,218.9960327,0.1085655093,218.9960327,0.1084720194,218.9960327,0.1084188595,218.9960327,0.2336808294,218.9960327,0.2337091118,218.9960327,0.2331265062,218.9960327,0.003627102822,218.9960327,0.003562215483,218.9960327,0.003666702891,218.9960327,0.03427899256,218.9960327,0.03430686519,218.9960327,0.03425137326,218.9960327,0.0007348509389,218.9960327,0.0007299243007,218.9960327,0.0009022082668,
218.0056915,68.75489044,218.0056915,0.005735995714,218.0056915,-2.728295294E-005,218.0056915,3.564644067E-005,218.0056915,-1.30981025E-005,218.0056915,0.1162309498,218.0056915,0.1162276641,218.0056915,0.1161174327,218.0056915,0.2459880263,218.0056915,0.2461520731,218.0056915,0.2456568033,218.0056915,0.003773983568,218.0056915,0.003789598588,218.0056915,0.003768369323,218.0056915,0.034760084,218.0056915,0.03473585472,218.0056915,0.03466903791,218.0056915,0.0007245828747,218.0056915,0.0008052042103,218.0056915,0.0008940373082,
217.015274,68.5319519,217.015274,0.00668728631,217.015274,-0.000105498395,217.015274,-4.032846482E-005,217.015274,-7.454519073E-005,217.015274,0.1250261366,217.015274,0.1247070655,217.015274,0.1247138977,217.015274,0.2598576248,217.015274,0.2599188387,217.015274,0.2592996955,217.015274,0.003928462975,217.015274,0.003929821309,217.015274,0.003935959656,217.015274,0.0353109464,217.015274,0.03527163714,217.015274,0.03513579816,217.015274,0.0006998730823,217.015274,0.0008184307371,217.015274,0.000912143325,
215.9851532,68.30426025,215.9851532,0.006912610028,215.9851532,-2.583342757E-005,215.9851532,1.030273779E-005,215.9851532,-2.888777999E-005,215.9851532,0.1342110038,215.9851532,0.13414599,215.9851532,0.1340074986,215.9851532,0.2744952738,215.9851532,0.2746278346,215.9851532,0.2738380432,215.9851532,0.004069853574,215.9851532,0.004132098984,215.9851532,0.004071787465,215.9851532,0.03596359119,215.9851532,0.03596775234,215.9851532,0.03591036052,215.9851532,0.0008639487205,215.9851532,0.0008359370986,215.9851532,0.0009494471597,
214.9945679,68.09685516,214.9945679,0.008272393607,214.9945679,-7.713950254E-006,214.9945679,5.079124094E-005,214.9945679,1.783579864E-005,214.9945679,0.1426758617,214.9945679,0.1425708979,214.9945679,0.1423674226,214.9945679,0.2876222134,214.9945679,0.287771374,214.9945679,0.2871981561,214.9945679,0.004212493077,214.9945679,0.004216884263,214.9945679,0.004247833509,214.9945679,0.03659544513,214.9945679,0.03657916933,214.9945679,0.03644398972,214.9945679,0.0008196756244,214.9945679,0.0008458187804,214.9945679,0.0009763764683,
214.0039063,67.93348694,214.0039063,0.003667877056,214.0039063,2.138233685E-005,214.0039063,1.830176552E-005,214.0039063,-2.717941607E-005,214.0039063,0.149704963,214.0039063,0.149596855,214.0039063,0.149412632,214.0039063,0.2989555299,214.0039063,0.2991208136,214.0039063,0.2984283566,214.0039063,0.004264197312,214.0039063,0.004315829836,214.0039063,0.004286235198,214.0039063,0.0370789133,214.0039063,0.03716429323,214.0039063,0.03699614853,214.0039063,0.0007838869933,214.0039063,0.0008344587404,214.0039063,0.0009070071392,
213.0131836,67.75618744,213.0131836,0.003866745159,213.0131836,8.07717297E-005,213.0131836,4.569113662E-005,213.0131836,0.0001492323645,213.0131836,0.1588683724,213.0131836,0.1586594731,213.0131836,0.1583956927,213.0131836,0.313087821,213.0131836,0.3131723106,213.0131836,0.3124346435,213.0131836,0.004615548998,213.0131836,0.004586588126,213.0131836,0.004573822021,213.0131836,0.0379627645,213.0131836,0.03805238754,213.0131836,0.0378824845,213.0131836,0.0009895303519,213.0131836,0.0009058398427,213.0131836,0.001053385786,
211.9826965,67.50154114,211.9826965,0.005324264057,211.9826965,8.70632357E-005,211.9826965,0.0001079320136,211.9826965,2.148540716E-006,211.9826965,0.167940557,211.9826965,0.1679357439,211.9826965,0.1677985936,211.9826965,0.3276791871,211.9826965,0.3280340433,211.9826965,0.3271577954,211.9826965,0.004742848687,211.9826965,0.004765172489,211.9826965,0.004680881742,211.9826965,0.03887412325,211.9826965,0.03885643184,211.9826965,0.03873005137,211.9826965,0.0009262291715,211.9826965,0.0008810159634,211.9826965,0.001036233967,
210.9917908,67.27716827,210.9917908,0.006662545726,210.9917908,9.11281677E-005,210.9917908,8.336082101E-005,210.9917908,7.657744572E-005,210.9917908,0.1774012148,210.9917908,0.1773997694,210.9917908,0.1773092747,210.9917908,0.3423422575,210.9917908,0.3428250253,210.9917908,0.3421653807,210.9917908,0.004980251193,210.9917908,0.005035844166,210.9917908,0.005008557346,210.9917908,0.03997536004,210.9917908,0.04003627226,210.9917908,0.03989027813,210.9917908,0.001010364736,210.9917908,0.0009869618807,210.9917908,0.001090623904,
210.0007935,67.0195694,210.0007935,0.005881872494,210.0007935,1.703330054E-005,210.0007935,3.422259761E-005,210.0007935,4.24531936E-006,210.0007935,0.185121268,210.0007935,0.1849233657,210.0007935,0.1847765744,210.0007935,0.3543883562,210.0007935,0.3546724916,210.0007935,0.3540260196,210.0007935,0.005192528479,210.0007935,0.005136208143,210.0007935,0.005142808892,210.0007935,0.04087562487,210.0007935,0.04091137648,210.0007935,0.04074948281,210.0007935,0.0009039462311,210.0007935,0.0009713433101,210.0007935,0.001035455498,
209.0097504,66.80604553,209.0097504,0.005703693256,209.0097504,6.464207399E-005,209.0097504,0.000110676614,209.0097504,8.882384282E-005,209.0097504,0.1923632026,209.0097504,0.191910699,209.0097504,0.1920802742,209.0097504,0.3656974435,209.0097504,0.3657934964,209.0097504,0.3653870821,209.0097504,0.005497048143,209.0097504,0.005500115454,209.0097504,0.005580028985,209.0097504,0.04200151563,209.0097504,0.04208886251,209.0097504,0.04181273282,209.0097504,0.001102873008,209.0097504,0.001001102035,209.0097504,0.001151742996,
208.0186157,66.49146271,208.0186157,0.004815580323,208.0186157,2.133056114E-005,208.0186157,-3.261619668E-006,208.0186157,4.400616831E-007,208.0186157,0.200464651,208.0186157,0.2003891319,208.0186157,0.200274989,208.0186157,0.3789358735,208.0186157,0.3791717291,208.0186157,0.3787416816,208.0186157,0.005884164479,208.0186157,0.005811671726,208.0186157,0.005892928224,208.0186157,0.04326371849,208.0186157,0.04331771284,208.0186157,0.04317558929,208.0186157,0.001061196439,208.0186157,0.0009742230759,208.0186157,0.001093478524,
206.9877472,66.13554382,206.9877472,0.006693175994,206.9877472,-8.945269656E-005,206.9877472,-9.100553143E-005,206.9877472,-0.0001115024352,206.9877472,0.20863536,206.9877472,0.2084606588,206.9877472,0.2083253115,206.9877472,0.3926168084,206.9877472,0.3926858902,206.9877472,0.3920372427,206.9877472,0.006491656415,206.9877472,0.006384070497,206.9877472,0.00644620182,206.9877472,0.0448663868,206.9877472,0.04493045807,206.9877472,0.04477285221,206.9877472,0.0009672442102,206.9877472,0.0009932145476,206.9877472,0.001111281454,
205.9964294,65.7746048,205.9964294,0.003915521316,205.9964294,-4.685107706E-005,205.9964294,-6.978296733E-005,205.9964294,-0.0001065335746,205.9964294,0.2161509395,205.9964294,0.2158605009,205.9964294,0.215736866,205.9964294,0.4054276347,205.9964294,0.4053916037,205.9964294,0.4049298167,205.9964294,0.007311077788,205.9964294,0.007366522681,205.9964294,0.00738913985,205.9964294,0.04689619318,205.9964294,0.04691346735,205.9964294,0.04681640491,205.9964294,0.0009943302721,205.9964294,0.0009880255675,205.9964294,0.001029669191,
205.0050659,65.46858215,205.0050659,0.003516320372,205.0050659,6.171653513E-005,205.0050659,6.081039828E-005,205.0050659,0.000148118881,205.0050659,0.2221824378,205.0050659,0.2220633775,205.0050659,0.2219415456,205.0050659,0.4162274897,205.0050659,0.4164294004,205.0050659,0.4159260094,205.0050659,0.008683588356,205.0050659,0.008771327324,205.0050659,0.008841594681,205.0050659,0.04914398864,205.0050659,0.04919190705,205.0050659,0.04901860654,205.0050659,0.001217932557,205.0050659,0.001087483834,205.0050659,0.001321831485,
204.0136108,65.06583405,204.0136108,0.003842028789,204.0136108,-7.889326662E-005,204.0136108,5.840267113E-005,204.0136108,-8.158490527E-005,204.0136108,0.2282063812,204.0136108,0.2281034291,204.0136108,0.2278091758,204.0136108,0.4272808135,204.0136108,0.4276750684,204.0136108,0.4272518456,204.0136108,0.01054919604,204.0136108,0.01065532584,204.0136108,0.01076158695,204.0136108,0.05199130625,204.0136108,0.05197149515,204.0136108,0.05178923532,204.0136108,0.001105649862,204.0136108,0.001076402958,204.0136108,0.001158984378,
202.9824066,64.60543823,202.9824066,0.004174421541,202.9824066,5.226691428E-005,202.9824066,9.83001446E-005,202.9824066,2.81648463E-005,202.9824066,0.2347612381,202.9824066,0.234618187,202.9824066,0.2344459742,202.9824066,0.4403524697,202.9824066,0.4402742386,202.9824066,0.4402943254,202.9824066,0.01373586059,202.9824066,0.01399285533,202.9824066,0.01381318923,202.9824066,0.05623599514,202.9824066,0.05641293526,202.9824066,0.05628803372,202.9824066,0.001133938436,202.9824066,0.001174116507,202.9824066,0.001220216858,
201.990799,64.05528259,201.990799,0.007059917785,201.990799,6.187186955E-005,201.990799,3.147847747E-005,201.990799,3.367894897E-005,201.990799,0.2414828837,201.990799,0.2413222194,201.990799,0.2410273701,201.990799,0.4538395405,201.990799,0.4539272189,201.990799,0.45382303,201.990799,0.01837305911,201.990799,0.01833846793,201.990799,0.01837370731,201.990799,0.06189293042,201.990799,0.06205687299,201.990799,0.06195598096,201.990799,0.001207990455,201.990799,0.0011290072,201.990799,0.001372933388,
200.9990997,63.46165085,200.9990997,0.006330430042,200.9990997,0.000187118203,200.9990997,0.0001393665298,200.9990997,2.79318574E-005,200.9990997,0.247162357,200.9990997,0.2469981164,200.9990997,0.2468506247,200.9990997,0.4667474329,200.9990997,0.4667653143,200.9990997,0.4665760696,200.9990997,0.02306595817,200.9990997,0.02298611961,200.9990997,0.02298470028,200.9990997,0.06776108593,200.9990997,0.06787226349,200.9990997,0.0678563714,200.9990997,0.001373946201,200.9990997,0.001247915789,200.9990997,0.001384593197,
200.0073395,62.87875748,200.0073395,0.005795637611,200.0073395,-2.935369594E-005,200.0073395,-6.507244689E-005,200.0073395,-6.227717677E-005,200.0073395,0.2523904443,200.0073395,0.2519984841,200.0073395,0.2520479262,200.0073395,0.4791261256,200.0073395,0.4790219069,200.0073395,0.4788849652,200.0073395,0.02877728641,200.0073395,0.02901336737,200.0073395,0.02888608351,200.0073395,0.07471317798,200.0073395,0.07495763898,200.0073395,0.07503593713,200.0073395,0.001278420445,200.0073395,0.001337800175,200.0073395,0.001313133398,
199.0155029,62.21029282,199.0155029,0.006778238341,199.0155029,-1.692909245E-005,199.0155029,0.0001135765924,199.0155029,0.0001419818582,199.0155029,0.2582291663,199.0155029,0.2582082152,199.0155029,0.2578659952,199.0155029,0.4932947755,199.0155029,0.4932699502,199.0155029,0.49362728,199.0155029,0.03813676909,199.0155029,0.03821599483,199.0155029,0.03831177205,199.0155029,0.08536633849,199.0155029,0.08551316708,199.0155029,0.08571288735,199.0155029,0.00151881983,199.0155029,0.001495337463,199.0155029,0.001600082382,
197.983902,61.29391098,197.983902,0.003139697481,197.983902,0.000120101613,197.983902,0.0001915466273,197.983902,7.217607345E-005,197.983902,0.2645002604,197.983902,0.264323622,197.983902,0.2638918757,197.983902,0.5084756613,197.983902,0.5081538558,197.983902,0.5083053112,197.983902,0.05034970492,197.983902,0.05094341561,197.983902,0.05097747594,197.983902,0.09893739969,197.983902,0.09921777993,197.983902,0.09912972897,197.983902,0.001462895656,197.983902,0.001359300455,197.983902,0.001457311446,
196.9919128,60.2395401,196.9919128,0.004184832331,196.9919128,7.851923874E-005,196.9919128,0.0001574929047,196.9919128,0.0001291902008,196.9919128,0.2727071643,196.9919128,0.272669524,196.9919128,0.272205174,196.9919128,0.5283868313,196.9919128,0.5274564028,196.9919128,0.5275492668,196.9919128,0.07073250413,196.9919128,0.07057579607,196.9919128,0.07100144029,196.9919128,0.1202369183,196.9919128,0.1204756722,196.9919128,0.1210599244,196.9919128,0.001635002904,196.9919128,0.001546667656,196.9919128,0.001636977657,
195.9998322,58.74136734,195.9998322,0.008550808765,195.9998322,0.0003555598669,195.9998322,0.0002743225778,195.9998322,0.000358306017,195.9998322,0.2822882235,195.9998322,0.2820970714,195.9998322,0.2821862996,195.9998322,0.5480687618,195.9998322,0.547896266,195.9998322,0.5476295948,195.9998322,0.09628731012,195.9998322,0.09642136097,195.9998322,0.09648936987,195.9998322,0.1468515098,195.9998322,0.1478186697,195.9998322,0.1474949121,195.9998322,0.002128920285,195.9998322,0.00196236372,195.9998322,0.001905706478,
195.0077057,56.82548141,195.0077057,0.008722918108,195.0077057,-6.445127656E-005,195.0077057,-5.223474363E-005,195.0077057,-0.0002733215806,195.0077057,0.2919062376,195.0077057,0.2916134298,195.0077057,0.291757524,195.0077057,0.5684720874,195.0077057,0.5678909421,195.0077057,0.56773597,195.0077057,0.1263307929,195.0077057,0.1273516119,195.0077057,0.1269962937,195.0077057,0.1783793569,195.0077057,0.1790455133,195.0077057,0.179313153,195.0077057,0.001595223788,195.0077057,0.001416146173,195.0077057,0.00169326202,
194.0154877,54.88614273,194.0154877,0.00913534034,194.0154877,-0.0002537119144,194.0154877,-1.977642933E-005,194.0154877,-0.0003937023866,194.0154877,0.3030510843,194.0154877,0.3030623794,194.0154877,0.3030405343,194.0154877,0.5910581946,194.0154877,0.5902581215,194.0154877,0.5902372599,194.0154877,0.1624800265,194.0154877,0.1626452208,194.0154877,0.1629223078,194.0154877,0.2147602588,194.0154877,0.215737626,194.0154877,0.2159417421,194.0154877,0.002260410693,194.0154877,0.001877679606,194.0154877,0.001941171708,
192.9835205,50.74448013,192.9835205,0.005960422568,192.9835205,-0.0005948661128,192.9835205,-0.000776505738,192.9835205,-0.0009634417365,192.9835205,0.3190083206,192.9835205,0.3184665442,192.9835205,0.3180538714,192.9835205,0.6195963621,192.9835205,0.6184806824,192.9835205,0.6182942986,192.9835205,0.2102800012,192.9835205,0.2123674601,192.9835205,0.211545065,192.9835205,0.2667033672,192.9835205,0.2671230435,192.9835205,0.2663292885,192.9835205,0.002235899447,192.9835205,0.001864888705,192.9835205,0.001216349076,
191.9911499,47.07909393,191.9911499,0.003057374852,191.9911499,-0.0002550054633,191.9911499,-0.0008490059408,191.9911499,-0.0009757876396,191.9911499,0.3413695693,191.9911499,0.3407328725,191.9911499,0.3405464888,191.9911499,0.6579431295,191.9911499,0.6567810178,191.9911499,0.6569318175,191.9911499,0.280538708,191.9911499,0.2807943523,191.9911499,0.2801032066,191.9911499,0.3358158171,191.9911499,0.3368022442,191.9911499,0.3360950053,191.9911499,0.002051225863,191.9911499,0.00224547484,191.9911499,0.001865460654,
190.9987183,40.38334656,190.9987183,0.0101964511,190.9987183,0.002324244939,190.9987183,0.0007267090841,190.9987183,-0.0003473543038,190.9987183,0.371845603,190.9987183,0.3695318103,190.9987183,0.3681271374,190.9987183,0.7027035952,190.9987183,0.6985660195,190.9987183,0.6979459524,190.9987183,0.3596380055,190.9987183,0.3635295033,190.9987183,0.3610497117,190.9987183,0.4208852649,190.9987183,0.4172890484,190.9987183,0.422950387,190.9987183,0.005138958339,190.9987183,0.002534186468,190.9987183,0.003856295953,
190.0062103,33.88978958,190.0062103,0.01106677391,190.0062103,-0.001045465586,190.0062103,-0.0015737043,190.0062103,-0.002372068353,190.0062103,0.3978867233,190.0062103,0.3961204886,190.0062103,0.3955645859,190.0062103,0.7501760125,190.0062103,0.7485529184,190.0062103,0.7471169829,190.0062103,0.451741755,190.0062103,0.4540396035,190.0062103,0.4516118169,190.0062103,0.5068454146,190.0062103,0.5108286142,190.0062103,0.5118392706,190.0062103,0.003156275954,190.0062103,0.002335409867,190.0062103,0.001280367607,

Baseline 100%T,
Baseline 100%T
Collection Time: 7/13/2026 6:19:11 PM
Operator Name  :
Scan Version 5.1.3.1042
Parameter List :
Instrument  Cary 60
Instrument Version  2.00
Start (nm)  600.0
Stop (nm)  190.0
X Mode  Nanometers
Y Mode  Abs
UV-Vis Scan Rate (nm/min)  600.000
UV-Vis Data Interval (nm)  1.00
UV-Vis Ave. Time (sec)  0.1000
Beam Mode  Dual Beam
Baseline Correction  On
Baseline Type  Zero/baseline correction
Baseline File Name
Baseline Std Ref File Name
Cycle Mode  Off
Method Log     :
Method Name    :
Date/Time stamp: 7/13/2026 5:48:14 PM
Method Modifications:
X Start nm Changed: 7/13/2026 5:49:41 PM, Old:  800.0, New:  600.0
Common Interval nm Changed: 7/13/2026 5:49:41 PM, Old:     5.00, New:     1.00
Baseline Correction Changed: 7/13/2026 5:49:41 PM, Old:0, New:2
UVVIS SAT Changed: 7/13/2026 6:18:34 PM, Old:0.0125, New:0.1000
Common SAT Changed: 7/13/2026 6:18:34 PM, Old:0.0125, New:0.1000
X Stop nm Changed: 7/13/2026 6:18:56 PM, Old:  200.0, New:  190.0
End Method Modifications
<Current Wavelength> , 190.0

Baseline 0%T,
Baseline 0%T
Collection Time: 7/13/2026 6:20:14 PM
Operator Name  :
Scan Version 5.1.3.1042
Parameter List :
Instrument  Cary 60
Instrument Version  2.00
Start (nm)  600.0
Stop (nm)  190.0
X Mode  Nanometers
Y Mode  Abs
UV-Vis Scan Rate (nm/min)  600.000
UV-Vis Data Interval (nm)  1.00
UV-Vis Ave. Time (sec)  0.1000
Beam Mode  Dual Beam
Baseline Correction  On
Baseline Type  Zero/baseline correction
Baseline File Name
Baseline Std Ref File Name
Cycle Mode  Off
Method Log     :
Method Name    :
Date/Time stamp: 7/13/2026 5:48:14 PM
Method Modifications:
X Start nm Changed: 7/13/2026 5:49:41 PM, Old:  800.0, New:  600.0
Common Interval nm Changed: 7/13/2026 5:49:41 PM, Old:     5.00, New:     1.00
Baseline Correction Changed: 7/13/2026 5:49:41 PM, Old:0, New:2
UVVIS SAT Changed: 7/13/2026 6:18:34 PM, Old:0.0125, New:0.1000
Common SAT Changed: 7/13/2026 6:18:34 PM, Old:0.0125, New:0.1000
X Stop nm Changed: 7/13/2026 6:18:56 PM, Old:  200.0, New:  190.0
End Method Modifications
<Current Wavelength> , 194.0

Fresh18MohmDI-RO,
Fresh18MohmDI-RO
Collection Time: 7/13/2026 6:22:38 PM
Operator Name  :
Scan Version 5.1.3.1042
Parameter List :
Instrument  Cary 60
Instrument Version  2.00
Start (nm)  600.0
Stop (nm)  190.0
X Mode  Nanometers
Y Mode  Abs
UV-Vis Scan Rate (nm/min)  600.000
UV-Vis Data Interval (nm)  1.00
UV-Vis Ave. Time (sec)  0.1000
Beam Mode  Dual Beam
Baseline Correction  On
Baseline Type  Zero/baseline correction
Baseline File Name
Baseline Std Ref File Name
Cycle Mode  Off
Method Log     :
Method Name    :
Date/Time stamp: 7/13/2026 5:48:14 PM
Method Modifications:
X Start nm Changed: 7/13/2026 5:49:41 PM, Old:  800.0, New:  600.0
Common Interval nm Changed: 7/13/2026 5:49:41 PM, Old:     5.00, New:     1.00
Baseline Correction Changed: 7/13/2026 5:49:41 PM, Old:0, New:2
UVVIS SAT Changed: 7/13/2026 6:18:34 PM, Old:0.0125, New:0.1000
Common SAT Changed: 7/13/2026 6:18:34 PM, Old:0.0125, New:0.1000
X Stop nm Changed: 7/13/2026 6:18:56 PM, Old:  200.0, New:  190.0
End Method Modifications
<Current Wavelength> , 191.0

Fresh18MohmDI-RO1,
Fresh18MohmDI-RO1
Collection Time: 7/13/2026 6:23:30 PM
Operator Name  :
Scan Version 5.1.3.1042
Parameter List :
Instrument  Cary 60
Instrument Version  2.00
Start (nm)  600.0
Stop (nm)  190.0
X Mode  Nanometers
Y Mode  Abs
UV-Vis Scan Rate (nm/min)  600.000
UV-Vis Data Interval (nm)  1.00
UV-Vis Ave. Time (sec)  0.1000
Beam Mode  Dual Beam
Baseline Correction  On
Baseline Type  Zero/baseline correction
Baseline File Name
Baseline Std Ref File Name
Cycle Mode  Off
Method Log     :
Method Name    :
Date/Time stamp: 7/13/2026 5:48:14 PM
Method Modifications:
X Start nm Changed: 7/13/2026 5:49:41 PM, Old:  800.0, New:  600.0
Common Interval nm Changed: 7/13/2026 5:49:41 PM, Old:     5.00, New:     1.00
Baseline Correction Changed: 7/13/2026 5:49:41 PM, Old:0, New:2
UVVIS SAT Changed: 7/13/2026 6:18:34 PM, Old:0.0125, New:0.1000
Common SAT Changed: 7/13/2026 6:18:34 PM, Old:0.0125, New:0.1000
X Stop nm Changed: 7/13/2026 6:18:56 PM, Old:  200.0, New:  190.0
End Method Modifications
<Current Wavelength> , 190.0

Fresh18MohmDI-RO2,
Fresh18MohmDI-RO2
Collection Time: 7/13/2026 6:24:18 PM
Operator Name  :
Scan Version 5.1.3.1042
Parameter List :
Instrument  Cary 60
Instrument Version  2.00
Start (nm)  600.0
Stop (nm)  190.0
X Mode  Nanometers
Y Mode  Abs
UV-Vis Scan Rate (nm/min)  600.000
UV-Vis Data Interval (nm)  1.00
UV-Vis Ave. Time (sec)  0.1000
Beam Mode  Dual Beam
Baseline Correction  On
Baseline Type  Zero/baseline correction
Baseline File Name
Baseline Std Ref File Name
Cycle Mode  Off
Method Log     :
Method Name    :
Date/Time stamp: 7/13/2026 5:48:14 PM
Method Modifications:
X Start nm Changed: 7/13/2026 5:49:41 PM, Old:  800.0, New:  600.0
Common Interval nm Changed: 7/13/2026 5:49:41 PM, Old:     5.00, New:     1.00
Baseline Correction Changed: 7/13/2026 5:49:41 PM, Old:0, New:2
UVVIS SAT Changed: 7/13/2026 6:18:34 PM, Old:0.0125, New:0.1000
Common SAT Changed: 7/13/2026 6:18:34 PM, Old:0.0125, New:0.1000
X Stop nm Changed: 7/13/2026 6:18:56 PM, Old:  200.0, New:  190.0
End Method Modifications
<Current Wavelength> , 190.0

SouthTank,
SouthTank
Collection Time: 7/13/2026 6:25:59 PM
Operator Name  :
Scan Version 5.1.3.1042
Parameter List :
Instrument  Cary 60
Instrument Version  2.00
Start (nm)  600.0
Stop (nm)  190.0
X Mode  Nanometers
Y Mode  Abs
UV-Vis Scan Rate (nm/min)  600.000
UV-Vis Data Interval (nm)  1.00
UV-Vis Ave. Time (sec)  0.1000
Beam Mode  Dual Beam
Baseline Correction  On
Baseline Type  Zero/baseline correction
Baseline File Name
Baseline Std Ref File Name
Cycle Mode  Off
Method Log     :
Method Name    :
Date/Time stamp: 7/13/2026 5:48:14 PM
Method Modifications:
X Start nm Changed: 7/13/2026 5:49:41 PM, Old:  800.0, New:  600.0
Common Interval nm Changed: 7/13/2026 5:49:41 PM, Old:     5.00, New:     1.00
Baseline Correction Changed: 7/13/2026 5:49:41 PM, Old:0, New:2
UVVIS SAT Changed: 7/13/2026 6:18:34 PM, Old:0.0125, New:0.1000
Common SAT Changed: 7/13/2026 6:18:34 PM, Old:0.0125, New:0.1000
X Stop nm Changed: 7/13/2026 6:18:56 PM, Old:  200.0, New:  190.0
End Method Modifications
<Current Wavelength> , 190.0

SouthTank1,
SouthTank1
Collection Time: 7/13/2026 6:26:43 PM
Operator Name  :
Scan Version 5.1.3.1042
Parameter List :
Instrument  Cary 60
Instrument Version  2.00
Start (nm)  600.0
Stop (nm)  190.0
X Mode  Nanometers
Y Mode  Abs
UV-Vis Scan Rate (nm/min)  600.000
UV-Vis Data Interval (nm)  1.00
UV-Vis Ave. Time (sec)  0.1000
Beam Mode  Dual Beam
Baseline Correction  On
Baseline Type  Zero/baseline correction
Baseline File Name
Baseline Std Ref File Name
Cycle Mode  Off
Method Log     :
Method Name    :
Date/Time stamp: 7/13/2026 5:48:14 PM
Method Modifications:
X Start nm Changed: 7/13/2026 5:49:41 PM, Old:  800.0, New:  600.0
Common Interval nm Changed: 7/13/2026 5:49:41 PM, Old:     5.00, New:     1.00
Baseline Correction Changed: 7/13/2026 5:49:41 PM, Old:0, New:2
UVVIS SAT Changed: 7/13/2026 6:18:34 PM, Old:0.0125, New:0.1000
Common SAT Changed: 7/13/2026 6:18:34 PM, Old:0.0125, New:0.1000
X Stop nm Changed: 7/13/2026 6:18:56 PM, Old:  200.0, New:  190.0
End Method Modifications
<Current Wavelength> , 195.0

SouthTank2,
SouthTank2
Collection Time: 7/13/2026 6:27:29 PM
Operator Name  :
Scan Version 5.1.3.1042
Parameter List :
Instrument  Cary 60
Instrument Version  2.00
Start (nm)  600.0
Stop (nm)  190.0
X Mode  Nanometers
Y Mode  Abs
UV-Vis Scan Rate (nm/min)  600.000
UV-Vis Data Interval (nm)  1.00
UV-Vis Ave. Time (sec)  0.1000
Beam Mode  Dual Beam
Baseline Correction  On
Baseline Type  Zero/baseline correction
Baseline File Name
Baseline Std Ref File Name
Cycle Mode  Off
Method Log     :
Method Name    :
Date/Time stamp: 7/13/2026 5:48:14 PM
Method Modifications:
X Start nm Changed: 7/13/2026 5:49:41 PM, Old:  800.0, New:  600.0
Common Interval nm Changed: 7/13/2026 5:49:41 PM, Old:     5.00, New:     1.00
Baseline Correction Changed: 7/13/2026 5:49:41 PM, Old:0, New:2
UVVIS SAT Changed: 7/13/2026 6:18:34 PM, Old:0.0125, New:0.1000
Common SAT Changed: 7/13/2026 6:18:34 PM, Old:0.0125, New:0.1000
X Stop nm Changed: 7/13/2026 6:18:56 PM, Old:  200.0, New:  190.0
End Method Modifications
<Current Wavelength> , 192.0

NorthTank,
NorthTank
Collection Time: 7/13/2026 6:29:12 PM
Operator Name  :
Scan Version 5.1.3.1042
Parameter List :
Instrument  Cary 60
Instrument Version  2.00
Start (nm)  600.0
Stop (nm)  190.0
X Mode  Nanometers
Y Mode  Abs
UV-Vis Scan Rate (nm/min)  600.000
UV-Vis Data Interval (nm)  1.00
UV-Vis Ave. Time (sec)  0.1000
Beam Mode  Dual Beam
Baseline Correction  On
Baseline Type  Zero/baseline correction
Baseline File Name
Baseline Std Ref File Name
Cycle Mode  Off
Method Log     :
Method Name    :
Date/Time stamp: 7/13/2026 5:48:14 PM
Method Modifications:
X Start nm Changed: 7/13/2026 5:49:41 PM, Old:  800.0, New:  600.0
Common Interval nm Changed: 7/13/2026 5:49:41 PM, Old:     5.00, New:     1.00
Baseline Correction Changed: 7/13/2026 5:49:41 PM, Old:0, New:2
UVVIS SAT Changed: 7/13/2026 6:18:34 PM, Old:0.0125, New:0.1000
Common SAT Changed: 7/13/2026 6:18:34 PM, Old:0.0125, New:0.1000
X Stop nm Changed: 7/13/2026 6:18:56 PM, Old:  200.0, New:  190.0
End Method Modifications
<Current Wavelength> , 192.0

NorthTank1,
NorthTank1
Collection Time: 7/13/2026 6:29:58 PM
Operator Name  :
Scan Version 5.1.3.1042
Parameter List :
Instrument  Cary 60
Instrument Version  2.00
Start (nm)  600.0
Stop (nm)  190.0
X Mode  Nanometers
Y Mode  Abs
UV-Vis Scan Rate (nm/min)  600.000
UV-Vis Data Interval (nm)  1.00
UV-Vis Ave. Time (sec)  0.1000
Beam Mode  Dual Beam
Baseline Correction  On
Baseline Type  Zero/baseline correction
Baseline File Name
Baseline Std Ref File Name
Cycle Mode  Off
Method Log     :
Method Name    :
Date/Time stamp: 7/13/2026 5:48:14 PM
Method Modifications:
X Start nm Changed: 7/13/2026 5:49:41 PM, Old:  800.0, New:  600.0
Common Interval nm Changed: 7/13/2026 5:49:41 PM, Old:     5.00, New:     1.00
Baseline Correction Changed: 7/13/2026 5:49:41 PM, Old:0, New:2
UVVIS SAT Changed: 7/13/2026 6:18:34 PM, Old:0.0125, New:0.1000
Common SAT Changed: 7/13/2026 6:18:34 PM, Old:0.0125, New:0.1000
X Stop nm Changed: 7/13/2026 6:18:56 PM, Old:  200.0, New:  190.0
End Method Modifications
<Current Wavelength> , 191.0

NorthTank2,
NorthTank2
Collection Time: 7/13/2026 6:30:50 PM
Operator Name  :
Scan Version 5.1.3.1042
Parameter List :
Instrument  Cary 60
Instrument Version  2.00
Start (nm)  600.0
Stop (nm)  190.0
X Mode  Nanometers
Y Mode  Abs
UV-Vis Scan Rate (nm/min)  600.000
UV-Vis Data Interval (nm)  1.00
UV-Vis Ave. Time (sec)  0.1000
Beam Mode  Dual Beam
Baseline Correction  On
Baseline Type  Zero/baseline correction
Baseline File Name
Baseline Std Ref File Name
Cycle Mode  Off
Method Log     :
Method Name    :
Date/Time stamp: 7/13/2026 5:48:14 PM
Method Modifications:
X Start nm Changed: 7/13/2026 5:49:41 PM, Old:  800.0, New:  600.0
Common Interval nm Changed: 7/13/2026 5:49:41 PM, Old:     5.00, New:     1.00
Baseline Correction Changed: 7/13/2026 5:49:41 PM, Old:0, New:2
UVVIS SAT Changed: 7/13/2026 6:18:34 PM, Old:0.0125, New:0.1000
Common SAT Changed: 7/13/2026 6:18:34 PM, Old:0.0125, New:0.1000
X Stop nm Changed: 7/13/2026 6:18:56 PM, Old:  200.0, New:  190.0
End Method Modifications
<Current Wavelength> , 196.0

Target_20260713_1,
Target_20260713_1
Collection Time: 7/13/2026 6:34:14 PM
Operator Name  :
Scan Version 5.1.3.1042
Parameter List :
Instrument  Cary 60
Instrument Version  2.00
Start (nm)  600.0
Stop (nm)  190.0
X Mode  Nanometers
Y Mode  Abs
UV-Vis Scan Rate (nm/min)  600.000
UV-Vis Data Interval (nm)  1.00
UV-Vis Ave. Time (sec)  0.1000
Beam Mode  Dual Beam
Baseline Correction  On
Baseline Type  Zero/baseline correction
Baseline File Name
Baseline Std Ref File Name
Cycle Mode  Off
Method Log     :
Method Name    :
Date/Time stamp: 7/13/2026 5:48:14 PM
Method Modifications:
X Start nm Changed: 7/13/2026 5:49:41 PM, Old:  800.0, New:  600.0
Common Interval nm Changed: 7/13/2026 5:49:41 PM, Old:     5.00, New:     1.00
Baseline Correction Changed: 7/13/2026 5:49:41 PM, Old:0, New:2
UVVIS SAT Changed: 7/13/2026 6:18:34 PM, Old:0.0125, New:0.1000
Common SAT Changed: 7/13/2026 6:18:34 PM, Old:0.0125, New:0.1000
X Stop nm Changed: 7/13/2026 6:18:56 PM, Old:  200.0, New:  190.0
End Method Modifications
<Current Wavelength> , 191.0

Target_20260713_2,
Target_20260713_2
Collection Time: 7/13/2026 6:35:26 PM
Operator Name  :
Scan Version 5.1.3.1042
Parameter List :
Instrument  Cary 60
Instrument Version  2.00
Start (nm)  600.0
Stop (nm)  190.0
X Mode  Nanometers
Y Mode  Abs
UV-Vis Scan Rate (nm/min)  600.000
UV-Vis Data Interval (nm)  1.00
UV-Vis Ave. Time (sec)  0.1000
Beam Mode  Dual Beam
Baseline Correction  On
Baseline Type  Zero/baseline correction
Baseline File Name
Baseline Std Ref File Name
Cycle Mode  Off
Method Log     :
Method Name    :
Date/Time stamp: 7/13/2026 5:48:14 PM
Method Modifications:
X Start nm Changed: 7/13/2026 5:49:41 PM, Old:  800.0, New:  600.0
Common Interval nm Changed: 7/13/2026 5:49:41 PM, Old:     5.00, New:     1.00
Baseline Correction Changed: 7/13/2026 5:49:41 PM, Old:0, New:2
UVVIS SAT Changed: 7/13/2026 6:18:34 PM, Old:0.0125, New:0.1000
Common SAT Changed: 7/13/2026 6:18:34 PM, Old:0.0125, New:0.1000
X Stop nm Changed: 7/13/2026 6:18:56 PM, Old:  200.0, New:  190.0
End Method Modifications
<Current Wavelength> , 190.0

Target_20260713_3,
Target_20260713_3
Collection Time: 7/13/2026 6:36:14 PM
Operator Name  :
Scan Version 5.1.3.1042
Parameter List :
Instrument  Cary 60
Instrument Version  2.00
Start (nm)  600.0
Stop (nm)  190.0
X Mode  Nanometers
Y Mode  Abs
UV-Vis Scan Rate (nm/min)  600.000
UV-Vis Data Interval (nm)  1.00
UV-Vis Ave. Time (sec)  0.1000
Beam Mode  Dual Beam
Baseline Correction  On
Baseline Type  Zero/baseline correction
Baseline File Name
Baseline Std Ref File Name
Cycle Mode  Off
Method Log     :
Method Name    :
Date/Time stamp: 7/13/2026 5:48:14 PM
Method Modifications:
X Start nm Changed: 7/13/2026 5:49:41 PM, Old:  800.0, New:  600.0
Common Interval nm Changed: 7/13/2026 5:49:41 PM, Old:     5.00, New:     1.00
Baseline Correction Changed: 7/13/2026 5:49:41 PM, Old:0, New:2
UVVIS SAT Changed: 7/13/2026 6:18:34 PM, Old:0.0125, New:0.1000
Common SAT Changed: 7/13/2026 6:18:34 PM, Old:0.0125, New:0.1000
X Stop nm Changed: 7/13/2026 6:18:56 PM, Old:  200.0, New:  190.0
End Method Modifications
<Current Wavelength> , 191.0

Target_2024-09-27_1,
Target_2024-09-27_1
Collection Time: 7/13/2026 6:38:38 PM
Operator Name  :
Scan Version 5.1.3.1042
Parameter List :
Instrument  Cary 60
Instrument Version  2.00
Start (nm)  600.0
Stop (nm)  190.0
X Mode  Nanometers
Y Mode  Abs
UV-Vis Scan Rate (nm/min)  600.000
UV-Vis Data Interval (nm)  1.00
UV-Vis Ave. Time (sec)  0.1000
Beam Mode  Dual Beam
Baseline Correction  On
Baseline Type  Zero/baseline correction
Baseline File Name
Baseline Std Ref File Name
Cycle Mode  Off
Method Log     :
Method Name    :
Date/Time stamp: 7/13/2026 5:48:14 PM
Method Modifications:
X Start nm Changed: 7/13/2026 5:49:41 PM, Old:  800.0, New:  600.0
Common Interval nm Changed: 7/13/2026 5:49:41 PM, Old:     5.00, New:     1.00
Baseline Correction Changed: 7/13/2026 5:49:41 PM, Old:0, New:2
UVVIS SAT Changed: 7/13/2026 6:18:34 PM, Old:0.0125, New:0.1000
Common SAT Changed: 7/13/2026 6:18:34 PM, Old:0.0125, New:0.1000
X Stop nm Changed: 7/13/2026 6:18:56 PM, Old:  200.0, New:  190.0
End Method Modifications
<Current Wavelength> , 196.0

Target_2024-09-27_2,
Target_2024-09-27_2
Collection Time: 7/13/2026 6:39:32 PM
Operator Name  :
Scan Version 5.1.3.1042
Parameter List :
Instrument  Cary 60
Instrument Version  2.00
Start (nm)  600.0
Stop (nm)  190.0
X Mode  Nanometers
Y Mode  Abs
UV-Vis Scan Rate (nm/min)  600.000
UV-Vis Data Interval (nm)  1.00
UV-Vis Ave. Time (sec)  0.1000
Beam Mode  Dual Beam
Baseline Correction  On
Baseline Type  Zero/baseline correction
Baseline File Name
Baseline Std Ref File Name
Cycle Mode  Off
Method Log     :
Method Name    :
Date/Time stamp: 7/13/2026 5:48:14 PM
Method Modifications:
X Start nm Changed: 7/13/2026 5:49:41 PM, Old:  800.0, New:  600.0
Common Interval nm Changed: 7/13/2026 5:49:41 PM, Old:     5.00, New:     1.00
Baseline Correction Changed: 7/13/2026 5:49:41 PM, Old:0, New:2
UVVIS SAT Changed: 7/13/2026 6:18:34 PM, Old:0.0125, New:0.1000
Common SAT Changed: 7/13/2026 6:18:34 PM, Old:0.0125, New:0.1000
X Stop nm Changed: 7/13/2026 6:18:56 PM, Old:  200.0, New:  190.0
End Method Modifications
<Current Wavelength> , 191.0

Target_2024-09-27_3,
Target_2024-09-27_3
Collection Time: 7/13/2026 6:40:17 PM
Operator Name  :
Scan Version 5.1.3.1042
Parameter List :
Instrument  Cary 60
Instrument Version  2.00
Start (nm)  600.0
Stop (nm)  190.0
X Mode  Nanometers
Y Mode  Abs
UV-Vis Scan Rate (nm/min)  600.000
UV-Vis Data Interval (nm)  1.00
UV-Vis Ave. Time (sec)  0.1000
Beam Mode  Dual Beam
Baseline Correction  On
Baseline Type  Zero/baseline correction
Baseline File Name
Baseline Std Ref File Name
Cycle Mode  Off
Method Log     :
Method Name    :
Date/Time stamp: 7/13/2026 5:48:14 PM
Method Modifications:
X Start nm Changed: 7/13/2026 5:49:41 PM, Old:  800.0, New:  600.0
Common Interval nm Changed: 7/13/2026 5:49:41 PM, Old:     5.00, New:     1.00
Baseline Correction Changed: 7/13/2026 5:49:41 PM, Old:0, New:2
UVVIS SAT Changed: 7/13/2026 6:18:34 PM, Old:0.0125, New:0.1000
Common SAT Changed: 7/13/2026 6:18:34 PM, Old:0.0125, New:0.1000
X Stop nm Changed: 7/13/2026 6:18:56 PM, Old:  200.0, New:  190.0
End Method Modifications
<Current Wavelength> , 191.0

Fresh18MohmDI-RO-after,
Fresh18MohmDI-RO-after
Collection Time: 7/13/2026 6:42:57 PM
Operator Name  :
Scan Version 5.1.3.1042
Parameter List :
Instrument  Cary 60
Instrument Version  2.00
Start (nm)  600.0
Stop (nm)  190.0
X Mode  Nanometers
Y Mode  Abs
UV-Vis Scan Rate (nm/min)  600.000
UV-Vis Data Interval (nm)  1.00
UV-Vis Ave. Time (sec)  0.1000
Beam Mode  Dual Beam
Baseline Correction  On
Baseline Type  Zero/baseline correction
Baseline File Name
Baseline Std Ref File Name
Cycle Mode  Off
Method Log     :
Method Name    :
Date/Time stamp: 7/13/2026 5:48:14 PM
Method Modifications:
X Start nm Changed: 7/13/2026 5:49:41 PM, Old:  800.0, New:  600.0
Common Interval nm Changed: 7/13/2026 5:49:41 PM, Old:     5.00, New:     1.00
Baseline Correction Changed: 7/13/2026 5:49:41 PM, Old:0, New:2
UVVIS SAT Changed: 7/13/2026 6:18:34 PM, Old:0.0125, New:0.1000
Common SAT Changed: 7/13/2026 6:18:34 PM, Old:0.0125, New:0.1000
X Stop nm Changed: 7/13/2026 6:18:56 PM, Old:  200.0, New:  190.0
End Method Modifications
<Current Wavelength> , 190.0

Fresh18MohmDI-RO-after1,
Fresh18MohmDI-RO-after1
Collection Time: 7/13/2026 6:43:47 PM
Operator Name  :
Scan Version 5.1.3.1042
Parameter List :
Instrument  Cary 60
Instrument Version  2.00
Start (nm)  600.0
Stop (nm)  190.0
X Mode  Nanometers
Y Mode  Abs
UV-Vis Scan Rate (nm/min)  600.000
UV-Vis Data Interval (nm)  1.00
UV-Vis Ave. Time (sec)  0.1000
Beam Mode  Dual Beam
Baseline Correction  On
Baseline Type  Zero/baseline correction
Baseline File Name
Baseline Std Ref File Name
Cycle Mode  Off
Method Log     :
Method Name    :
Date/Time stamp: 7/13/2026 5:48:14 PM
Method Modifications:
X Start nm Changed: 7/13/2026 5:49:41 PM, Old:  800.0, New:  600.0
Common Interval nm Changed: 7/13/2026 5:49:41 PM, Old:     5.00, New:     1.00
Baseline Correction Changed: 7/13/2026 5:49:41 PM, Old:0, New:2
UVVIS SAT Changed: 7/13/2026 6:18:34 PM, Old:0.0125, New:0.1000
Common SAT Changed: 7/13/2026 6:18:34 PM, Old:0.0125, New:0.1000
X Stop nm Changed: 7/13/2026 6:18:56 PM, Old:  200.0, New:  190.0
End Method Modifications
<Current Wavelength> , 195.0

Fresh18MohmDI-RO-after2,
Fresh18MohmDI-RO-after2
Collection Time: 7/13/2026 6:44:52 PM
Operator Name  :
Scan Version 5.1.3.1042
Parameter List :
Instrument  Cary 60
Instrument Version  2.00
Start (nm)  600.0
Stop (nm)  190.0
X Mode  Nanometers
Y Mode  Abs
UV-Vis Scan Rate (nm/min)  600.000
UV-Vis Data Interval (nm)  1.00
UV-Vis Ave. Time (sec)  0.1000
Beam Mode  Dual Beam
Baseline Correction  On
Baseline Type  Zero/baseline correction
Baseline File Name
Baseline Std Ref File Name
Cycle Mode  Off
Method Log     :
Method Name    :
Date/Time stamp: 7/13/2026 5:48:14 PM
Method Modifications:
X Start nm Changed: 7/13/2026 5:49:41 PM, Old:  800.0, New:  600.0
Common Interval nm Changed: 7/13/2026 5:49:41 PM, Old:     5.00, New:     1.00
Baseline Correction Changed: 7/13/2026 5:49:41 PM, Old:0, New:2
UVVIS SAT Changed: 7/13/2026 6:18:34 PM, Old:0.0125, New:0.1000
Common SAT Changed: 7/13/2026 6:18:34 PM, Old:0.0125, New:0.1000
X Stop nm Changed: 7/13/2026 6:18:56 PM, Old:  200.0, New:  190.0
End Method Modifications
<Current Wavelength> , 194.0

